date,jet_fuel_spot,brent_proxy,ulsd_proxy,jet_fuel_spot_ret,brent_proxy_ret,ulsd_proxy_ret
2021-01-04,97.28906979700785,100.08046156156438,97.95727692151314,-0.016499082284584077,0.001159510659816565,-0.0199480915366107
2021-01-05,97.01790345806674,100.1008685640508,97.78833659220476,-0.0027872230612020488,0.00020390595894559382,-0.0017246327645851212
2021-01-06,98.2346957973288,100.59073556097971,99.38767165099743,0.012541936033362955,0.004893733730346739,0.016355069679344192
2021-01-07,98.58032112634646,99.8381154473611,99.61670721533575,0.0035183631018793626,-0.007482002287997558,0.002304466545333561
2021-01-08,100.11263757448967,101.03359444286455,100.3238025361014,0.015543837052217624,0.011974174293521767,0.007098159942560134
2021-01-11,99.11113803255122,99.98289470621327,99.06535592740768,-0.01000372746341105,-0.010399508623297193,-0.012543848786441991
2021-01-12,100.6036311854438,100.30877898200654,99.98395578675496,0.015058783326677094,0.003259400287927594,0.009272665007335146
2021-01-13,100.81149626755929,100.93454754046822,100.84985035563557,0.002066178722041734,0.006238422646674957,0.008660335171448708
2021-01-14,100.46020218065519,100.16165322855686,100.62049326672124,-0.0034846629591901435,-0.007657381250968376,-0.0022742432250075773
2021-01-15,97.8748419075876,97.76598625086675,97.49314428159367,-0.025735168922101148,-0.023918005548725252,-0.0310806365939561
2021-01-18,98.82024551945611,98.23871014913745,99.20288615397449,0.009659311764315781,0.0048352593411955525,0.017537047194236433
2021-01-19,98.82786089827245,99.02928398474823,98.91700702199947,7.706294167064698e-05,0.00804747776523751,-0.0028817622456196457
2021-01-20,98.26863325648553,97.71723711636197,98.38472897779167,-0.005658603117622452,-0.013249079621623139,-0.005381056910561566
2021-01-21,99.16484114020942,98.44128762281724,99.36916188700316,0.009119979122786281,0.007409649799994478,0.010005952340771396
2021-01-22,99.28090427675207,97.69755409884249,99.25522100853979,0.001170406115798217,-0.007555097479265083,-0.0011466422409091015
2021-01-25,98.4373377822149,96.75927949542441,98.5220367014494,-0.008496764817790936,-0.009603869944060262,-0.0073868588437007165
2021-01-26,97.11510680076407,96.779211439864,97.47883303232602,-0.01343220988336935,0.00020599517217911867,-0.01058853129766879
2021-01-27,97.47247476883973,97.77536682959922,97.95520544488339,0.003679839108953642,0.01029307198224294,0.0048869318367752435
2021-01-28,95.05854866221209,96.106591184322,96.4603596478481,-0.024765207945652068,-0.017067444484105354,-0.015260503923667512
2021-01-29,96.83140891562564,98.3747211396542,98.77251905068705,0.01865019273241142,0.02360014986882808,0.02397004750220777
2021-02-01,96.26878903117183,97.10715671179268,98.4525598368242,-0.005810303606591627,-0.012885062475166409,-0.00323935459921465
2021-02-02,96.22574514414205,97.5867968206738,99.36054516982065,-0.00044712193290230573,0.004939286918930641,0.00922256703636104
2021-02-03,96.21047645163073,98.76447836419243,98.99904198772165,-0.00015867575240346987,0.012068041803674934,-0.0036382970874520026
2021-02-04,97.50524704322558,99.68430790613601,100.35964978966196,0.013457688178540428,0.009313364047261352,0.01374364614668755
2021-02-05,96.46873012512373,98.99191106889698,99.51205230102687,-0.010630370667563671,-0.006945896016963826,-0.008445600302626755
2021-02-08,95.48502529074977,98.25487110985432,98.91641404088038,-0.010197136762327585,-0.007445456412390028,-0.005985589145972581
2021-02-09,96.22022468431052,99.40093984609271,99.61572870883015,0.007699630296186033,0.011664243444551747,0.007069753536159906
2021-02-10,98.02266637889049,100.84677761139254,101.04196492135533,0.018732461917373433,0.014545514031743423,0.014317379705106381
2021-02-11,98.1271315166161,100.49505790169688,101.30612212740526,0.0010657243021916507,-0.0034876643361971826,0.002614331641863199
2021-02-12,97.4451971515936,99.80927803292367,100.1979860769161,-0.006949498619625127,-0.006824015858013954,-0.010938490460581929
2021-02-15,97.19711287841095,101.15756930303989,99.50160211867815,-0.0025458850762722918,0.01350867671511935,-0.006950079392846975
2021-02-16,98.18838580591141,103.34680068939375,101.48413470922688,0.01019858407461638,0.021641795086984716,0.019924629838463437
2021-02-17,98.71373437069492,104.44948555892368,103.43447515745933,0.005350414516661628,0.01066975331770581,0.019218180790727457
2021-02-18,99.81154879681769,104.81069150905998,103.49391438203315,0.011121192335812102,0.00345818792886754,0.0005746558338826091
2021-02-19,99.72608534388567,105.70951228162477,103.57809895930762,-0.0008562481392407895,0.008575659215902531,0.0008134253861895591
2021-02-22,97.77971027972015,105.38968376134672,102.57867971677103,-0.019517211143441848,-0.0030255415371323036,-0.009648943672245114
2021-02-23,97.67695464245439,105.78783155803674,101.48239752557198,-0.0010508891565724765,0.003777863093238132,-0.010687232417359915
2021-02-24,97.29363351415084,105.93378635142376,101.50453479714176,-0.003924376325067591,0.0013796935927072873,0.00021813902814216135
2021-02-25,98.12970035104541,105.1355759193456,101.45017524923487,0.008593232739868562,-0.007534993882218011,-0.0005355381216762822
2021-02-26,99.39712984074313,106.40824724745559,103.01516276283031,0.012915860184670613,0.012105049284994784,0.015426168656196948
2021-03-01,98.09121763597223,104.03843725450604,101.3900347709952,-0.013138329113358438,-0.0222709240519533,-0.015775619319037704
2021-03-02,96.02489028967194,102.88624627715235,99.04214782079305,-0.021065365443506456,-0.011074666322939075,-0.02315697943594963
2021-03-03,97.36168629959793,104.7193721241071,99.58443048750344,0.013921348994967442,0.0178170155223345,0.005475271676171678
2021-03-04,96.97620384691625,104.38468427165782,97.99667986288644,-0.003959282828108535,-0.003196045255625002,-0.01594376366711503
2021-03-05,98.09574085700858,105.40211910864232,99.82304494213095,0.011544450758864455,0.00974697431987881,0.018637009761962364
2021-03-08,97.02651183245511,101.12284571263028,97.52972598492778,-0.010899851667485194,-0.040599500581209536,-0.022973842949117085
2021-03-09,97.12131777214373,103.49233792502133,98.90479865028199,0.0009771137588900913,0.02343181894944535,0.014099010855077365
2021-03-10,98.0930967541648,104.99313626102959,99.68625432870503,0.010005825747761765,0.014501540559413773,0.007901089624439805
2021-03-11,98.75035726844355,104.60124003999267,100.03205045400547,0.006700374807474319,-0.0037325889576496074,0.0034688446027895115
2021-03-12,98.97740280442515,105.83403460039513,99.35649474250575,0.0022991869828319356,0.01178565913684304,-0.006753392622001142
2021-03-15,99.01659157186957,106.08425897884584,100.95358644230026,0.0003959365100925094,0.0023643091694982576,0.016074356326011507
2021-03-16,99.51527279990283,105.53548621606208,100.58662298147327,0.005036340073080625,-0.0051729895468580755,-0.0036349720080200987
2021-03-17,100.72895326392388,107.91375937534715,101.80659220950321,0.012195921589457148,0.0225352935259715,0.01212854345706238
2021-03-18,97.54436981159421,105.21479666426241,99.33285161405696,-0.0316153732282477,-0.02501036685875413,-0.0242984323682659
2021-03-19,98.97301544626555,105.8744971711244,100.8228017233544,0.014646110661545642,0.006270035468177282,0.01499957048536582
2021-03-22,99.36725909287311,106.30949334248585,100.71690046395476,0.003983344801913313,0.004108602005054696,-0.0010503701304613866
2021-03-23,99.01256163698163,106.28955108312212,99.48015974273474,-0.003569560629220647,-0.00018758681597219606,-0.012279376306488232
2021-03-24,100.17474301355934,107.56787781347721,102.07851277573803,0.011737716481255323,0.01202683346884581,0.02611930901320303
2021-03-25,99.85948725202408,107.35599352374543,102.02744477404424,-0.003147058350752019,-0.001969772891672994,-0.0005002815999679555
2021-03-26,98.54877864412248,105.56827049284223,100.06225297135023,-0.013125529120669888,-0.01665228900804483,-0.019261403704133095
2021-03-29,97.003646698577,103.46272182969665,99.40708574477381,-0.015678854337964232,-0.01994490061564802,-0.006547596192582383
2021-03-30,96.64403546101006,104.23845254462896,98.42751896091502,-0.003707192974758633,0.007497683235215824,-0.009854094167631167
2021-03-31,95.61052945451249,101.21305862395296,96.26614304189833,-0.010693945069321198,-0.029023780062167548,-0.021959061264918867
2021-04-01,97.1003040626649,101.2713051565974,96.30310022243884,0.015581700223312733,0.0005754843637406637,0.0003839063181789726
2021-04-02,98.61185611363645,102.24389486991379,97.3297567950204,0.015566913673061622,0.00960380348423917,0.010660680395648825
2021-04-05,98.46081862521655,102.27109051003738,97.52263170409076,-0.0015316361984490934,0.00026598791212117945,0.0019816643483097085
2021-04-06,96.67164165229343,100.23557785250628,96.03025688061597,-0.018171461479855044,-0.019903108956595417,-0.01530285634623818
2021-04-07,99.36102752405456,103.2020516087695,98.32179892065605,0.027819801399817434,0.029595018254179983,0.023862708634518226
2021-04-08,100.53494669836225,105.42416146912437,99.76583085571527,0.011814684324027214,0.02153164424268139,0.014686793273834597
2021-04-09,98.79934660970245,104.89576048676301,98.5147919023586,-0.017263649563242556,-0.005012143089382026,-0.012539753767659811
2021-04-12,98.93795383685867,105.48893241889748,99.6867313440371,0.0014029164353057677,0.005654870410223278,0.011896075899343606
2021-04-13,99.012429012356,104.11255934307766,98.97108092080671,0.000752746267828952,-0.013047559059126912,-0.007178993769597519
2021-04-14,99.6908190418657,105.1344623742244,100.04607625347117,0.006851564356885387,0.00981536749835632,0.010861711549100095
2021-04-15,98.94909481032205,105.47012049623154,99.82682836977058,-0.007440246139738815,0.0031926555234798037,-0.0021914690901532197
2021-04-16,99.34347913684412,103.36301372338437,100.6350939579475,0.003985729503418689,-0.019978234242393422,0.008096677029375332
2021-04-19,100.71457205769296,105.07308695407025,101.04528608512207,0.01380153919272531,0.016544343755903856,0.004076034622136682
2021-04-20,101.24031377187457,105.41591469623542,102.53377400490555,0.005220115653973512,0.003262755022273467,0.014730899158715394
2021-04-21,102.51687290833654,107.37028579654016,102.39786751249751,0.012609197748423062,0.01853962094752415,-0.0013254802500640706
2021-04-22,102.38023106454328,108.3443044399409,102.31550981066077,-0.0013328717499551113,0.009071584714289038,-0.0008042911814222231
2021-04-23,104.01575947711086,110.1442772425596,102.61829856312481,0.015975041231705234,0.01661345108931389,0.002959363179877217
2021-04-26,107.44145723430935,111.44101397946295,104.10952421343791,0.03293441084715942,0.011773074093061497,0.014531771342864097
2021-04-27,108.9021419921979,111.2030000414026,107.38619787040531,0.013595168899311005,-0.002135784031040977,0.031473332355739236
2021-04-28,110.16973236271797,113.04360871761882,109.3017925046067,0.011639719360257317,0.016551789749655432,0.01783836910319825
2021-04-29,107.47778227904332,111.18384283234424,106.61581209585982,-0.024434570420955426,-0.016451756152975006,-0.02457398316348436
2021-04-30,106.84890796560495,109.95496928483566,105.34235874506885,-0.005851202919368359,-0.011052627038279472,-0.0119443197566792
2021-05-03,106.41037293340516,111.00520476691365,105.35976720059163,-0.004104253759345533,0.009551505392697557,0.0001652559875264803
2021-05-04,107.08606273259107,111.43822951808554,105.47340196131567,0.006349848990838458,0.0039009409701207254,0.0010785403550455097
2021-05-05,106.9802083382781,110.17440581610765,104.96273216504449,-0.0009884983312655748,-0.011341024596705163,-0.004841692661610386
2021-05-06,106.57998377250352,109.66766600348978,104.49225577358996,-0.0037411084909186876,-0.004599433133895547,-0.004482318454846812
2021-05-07,107.74075717166664,110.57279180063104,105.50511013249366,0.01089110129384907,0.008253351513038076,0.00969310454066874
2021-05-10,105.75627150027303,106.67939686644827,102.866269199769,-0.01841908042498408,-0.03521114797574054,-0.025011498773953145
2021-05-11,105.79415701329908,108.04838737260813,104.54645199332957,0.00035823419725944383,0.012832754462173135,0.016333661234448238
2021-05-12,106.30550913153168,107.9147483151805,103.28703742254308,0.0048334627607866665,-0.0012368445349097978,-0.012046459222421535
2021-05-13,105.74208355298408,106.70032262862004,101.4608193931721,-0.005300060017119801,-0.011253565481277428,-0.017680999232265626
2021-05-14,106.49380397397958,107.22107071927589,102.17504228503451,0.007108999517858372,0.004880473440256994,0.007039396055877667
2021-05-17,106.92718805963595,107.77619740363103,102.46545830581863,0.004069570899751795,0.005177402917459828,0.002842338151169521
2021-05-18,108.38571856253769,107.4791736461603,100.99893274969025,0.013640408294364637,-0.0027559309441800295,-0.014312389564016592
2021-05-19,108.71816534563116,107.65727289978759,101.51128401932755,0.0030672563461546787,0.0016570582707828851,0.005072838451739559
2021-05-20,108.19201518699144,109.07727037978003,102.13610400141823,-0.004839579080156642,0.013189981891090996,0.00615517760539519
2021-05-21,104.90715936769908,107.28285188165655,100.17583495301481,-0.03036135165441778,-0.016450892948418616,-0.019192714149114165
2021-05-24,105.66404646900442,108.08313501517637,100.09602899296597,0.0072148279094323975,0.007459562450880863,-0.0007966587958689875
2021-05-25,106.60306854864956,107.70764579658704,100.94008463934642,0.008886864652875026,-0.0034740777877750872,0.00843245885848054
2021-05-26,104.87708035587877,104.59778811472695,98.90567623298183,-0.0161907927817585,-0.028873137639023883,-0.020154613636727436
2021-05-27,102.66905237346022,101.84297251945131,97.05837209535345,-0.021053484468923744,-0.026337226101321165,-0.018677432964280816
2021-05-28,103.32057575206753,102.40249088199916,97.12361550088333,0.006345859473187554,0.005493931969051458,0.0006722079107794876
2021-05-31,101.28366075741346,101.52405244687017,96.1905681018419,-0.0197145145565385,-0.008578291675944039,-0.009606802570410244
2021-06-01,101.88873177605214,101.00603555372936,96.89163248180014,0.005974023984854693,-0.005102405594101911,0.007288286094911056
2021-06-02,100.53809996163527,98.6957512475081,93.82326930734503,-0.01325594882646608,-0.022872735213850914,-0.03166798923561809
2021-06-03,100.23066951293976,99.51991598419612,93.62706174837474,-0.0030578501962224003,0.00835055943412577,-0.0020912462379407692
2021-06-04,98.95982306527486,97.46683461464552,91.45080022200747,-0.012679217387656316,-0.0206298543286213,-0.02324393701701366
2021-06-07,100.60113477174666,99.06371518653188,92.15478292013329,0.016585637035639866,0.016383835365126442,0.007697939180595581
2021-06-08,101.23885877006393,99.50507087995659,93.58944595852579,0.006339133248985718,0.0044552709596410445,0.015567971546695203
2021-06-09,99.30753304231804,99.81907908460231,92.8897315687686,-0.01907692116652915,0.0031557005273081806,-0.007476424105205881
2021-06-10,98.95004459873678,99.1364020273715,93.61993500291325,-0.003599811944063891,-0.006839144014263998,0.007860970441109227
2021-06-11,100.999807608338,102.00033832124353,96.5606309261769,0.0207151297193795,0.028888846430812576,0.031411001547609896
2021-06-14,103.60498431929943,103.26670136948586,98.92988724680686,0.0257938779553315,0.012415282822435314,0.024536462716790997
2021-06-15,102.03096087618913,102.24822197863625,98.213430076692,-0.015192545546451108,-0.009862611832690438,-0.007242070015984758
2021-06-16,100.78660991761419,100.68565033135614,96.95571930114392,-0.012195817307698587,-0.01528214004158035,-0.012805894006206464
2021-06-17,100.10507125564297,100.83185748630345,96.51172301056789,-0.006762194526915066,0.0014521151173592095,-0.004579371838776991
2021-06-18,100.19244212851368,100.60523282623801,97.25400795201121,0.0008727916755344456,-0.002247550186172287,0.007691137597471309
2021-06-21,100.98321687696219,101.70378932040578,99.43417742014948,0.00789255887618956,0.010919476684330798,0.022417271164948405
2021-06-22,101.4492678566261,103.0873814339185,100.52955684125592,0.0046151330297958815,0.013604135330236966,0.011016125939052435
2021-06-23,100.0356576175583,101.64190831174184,100.09870319385135,-0.013934159101725463,-0.014021824029968544,-0.004285840512406991
2021-06-24,99.2660851449546,99.97484751931351,99.29303698992834,-0.007692981592082093,-0.016401313396393058,-0.008048717697798247
2021-06-25,97.03624536831313,97.61413105912969,95.23613175509395,-0.02246325896085577,-0.0236131038832319,-0.040857902606462715
2021-06-28,94.94949395027858,95.82129649233305,93.24599642294562,-0.021504865631538306,-0.018366547418330548,-0.02089685180899714
2021-06-29,93.11082079905091,95.29417712675766,90.96977108656975,-0.019364749349696453,-0.0055010669326266415,-0.02441097123410385
2021-06-30,94.46019759173402,97.59873849359471,93.16078351079136,0.01449215871048204,0.024183653569636032,0.02408506032335267
2021-07-01,94.4255152665488,97.16742069764331,91.86245189496712,-0.0003671633774801064,-0.004419296833223951,-0.01393646088940248
2021-07-02,97.29526771443325,100.23506215557984,94.57214123181991,0.030391705459944518,0.03157067910119937,0.029497245947135875
2021-07-05,97.07100519629441,99.27408574198408,94.1074843257182,-0.0023049684060386655,-0.009587228190712116,-0.004913253523177841
2021-07-06,96.15582973147731,98.07761367819874,93.43339860743464,-0.009427897269287056,-0.01205220934388651,-0.007162934203516325
2021-07-07,96.85954240650425,99.04069282268078,94.4390214344839,0.007318460846233776,0.009819561349055483,0.01076299098649347
2021-07-08,95.58738569733751,98.08113971532907,93.65402019039603,-0.013134035920051024,-0.009688473293191335,-0.008312255169146021
2021-07-09,95.61827491088991,98.29518696674113,94.41336008412743,0.00032315156782503074,0.0021823487373138217,0.008107926303512647
2021-07-12,97.8067152989249,101.93279222694403,96.21571477980727,0.02288726072578151,0.03700695194194714,0.01909003867751169
2021-07-13,100.06822422280841,105.25036819231279,99.67922100195253,0.023122225472675284,0.03254669957419076,0.035997302832199596
2021-07-14,100.19742903375086,105.26937052760248,100.66359575085033,0.0012911672206230573,0.0001805441217550552,0.009875425780850877
2021-07-15,98.17880743550704,103.18055658416839,99.5879454878366,-0.02014644105852126,-0.019842561354410204,-0.010685593485812328
2021-07-16,97.87329477648602,103.67203345081666,99.14271405041953,-0.0031117984318734804,0.004763270163670397,-0.004470736244593598
2021-07-19,99.34635950296388,106.27600625655455,100.94260689316272,0.015050731967713116,0.025117408418281473,0.01815456496205914
2021-07-20,99.66645157873289,104.64834144016935,99.24399419932321,0.0032219809298543733,-0.015315449589401786,-0.01682750967227653
2021-07-21,98.57004695450709,104.56441999027537,98.93593364897004,-0.011000739033632412,-0.0008019376966614811,-0.0031040724714732626
2021-07-22,97.59034751104556,105.49391911914685,99.52653997628279,-0.00993911917190915,0.008889248646508419,0.0059695836035496
2021-07-23,98.40152294276166,106.92229474852945,99.78878887306833,0.008312045734075069,0.013539885912944083,0.002634964471265988
2021-07-26,99.47472727874752,107.6749421767953,100.62180065929718,0.010906379331244054,0.007039200103551746,0.00834774923752657
2021-07-27,98.87463491974073,106.69039489420216,100.9043434057173,-0.0060326112513504615,-0.009143699199546163,0.0028079675037500085
2021-07-28,98.27075325819852,107.70402296969144,101.88813586793854,-0.006107548837296806,0.009500649767904878,0.00974975337053241
2021-07-29,99.11185696065056,107.48015851266995,102.62819867348303,0.008559044014266437,-0.0020785152759288383,0.0072634836160287986
2021-07-30,98.86411958537093,106.97201147545763,103.89635740072158,-0.0024995735412159936,-0.004727821806779442,0.012356825352389356
2021-08-02,96.41861446316736,104.07413461890687,101.12950482227974,-0.024736022861072793,-0.02709004735519649,-0.026630891088609276
2021-08-03,94.70406181661059,103.00830467327143,99.8239276903549,-0.017782382127174645,-0.010241064694299307,-0.012909952780043699
2021-08-04,95.14826169935358,103.11743868329498,99.46755569770454,0.004690399484693408,0.0010594680726929706,-0.0035700057180259037
2021-08-05,96.37587219031396,106.69636017612636,100.96809684494377,0.012902080069936872,0.03470723806303355,0.015085734606765433
2021-08-06,96.21858277587792,106.99437176588589,102.63104635756078,-0.0016320414110020387,0.002793081125425312,0.016470049100467676
2021-08-09,94.41552557863876,105.91624871707666,101.26740798946001,-0.018739178495686404,-0.010076446368303071,-0.013286801767078638
2021-08-10,94.71938489767398,106.60390170126672,101.93504026294897,0.003218319414873383,0.006492422008137044,0.0065927654982385064
2021-08-11,93.57093261525038,105.67390885558856,101.65128161345636,-0.01212478611072354,-0.008723816209694202,-0.0027837203846747816
2021-08-12,94.13919865645455,106.57347132911426,104.65694358272384,0.0060731043853201605,0.008512626089709707,0.029568362755099775
2021-08-13,94.54219922394249,105.49717249039514,104.48709015129197,0.004280900764394913,-0.01009912528226975,-0.0016229542504995198
2021-08-16,93.92691126202999,104.80362300759138,103.60011110951235,-0.006508077524778777,-0.006574104939797376,-0.008488886430805143
2021-08-17,95.29177038133065,105.88736222571595,104.28389371853855,0.014531076354603822,0.010340665589834375,0.006600211155211921
2021-08-18,94.94581682547609,104.32982559199218,103.62370843915501,-0.0036304662456175807,-0.014709372308317925,-0.0063306542922666464
2021-08-19,95.60226164082864,104.58159178485067,103.9068700823451,0.006913888755722519,0.0024131756324705655,0.002732595150812811
2021-08-20,93.80428373784709,104.39284051073341,102.35780524464025,-0.01880685532039439,-0.00180482311366581,-0.014908204207067621
2021-08-23,95.0139775826541,107.59062788065268,105.84718528731116,0.012895933923313452,0.03063224790392094,0.03409002405171857
2021-08-24,94.1206090704815,107.16342736599141,103.7523705565167,-0.009402495663287436,-0.003970610852230938,-0.01979093468672133
2021-08-25,96.5976258882794,111.0176850739997,109.3574052159305,0.0263174754419937,0.03596616684202325,0.05402319609035433
2021-08-26,95.7139615230535,110.6014956567278,108.97536732695228,-0.009147889061454806,-0.003748856923061261,-0.003493479826298662
2021-08-27,97.39224706315662,113.02936409860934,111.36914203748864,0.01753438592862855,0.021951497377728613,0.021966199970259837
2021-08-30,97.79137598088032,112.63132470311609,111.76676783807575,0.004098159039958027,-0.0035215574171149067,0.003570340880001188
2021-08-31,96.4331962941214,111.8213642983366,111.26743127479537,-0.013888542554350236,-0.007191253471576009,-0.004467665773459584
2021-09-01,94.38593105108365,110.2924037567487,108.31965781720739,-0.021229880598311768,-0.013673241702799155,-0.02649268904490043
2021-09-02,92.40571940319167,108.14576255904551,107.17212638684599,-0.020979945060034866,-0.019463182636200727,-0.010593935149775802
2021-09-03,93.550385912479,107.95877400408529,107.98935357279427,0.012387398925956417,-0.0017290419017400582,0.0076253706397355625
2021-09-06,94.1033554461523,106.87025777443804,107.51691794661924,0.005910927339098704,-0.010082702769541041,-0.004374835208700079
2021-09-07,94.86369631554282,108.32890783612102,109.15269349216929,0.008079848649239718,0.013648793331832554,0.01521412236130315
2021-09-08,97.16672728249222,110.3682206155854,111.23882635924905,0.024277263657204395,0.01882519467979349,0.019112060365504613
2021-09-09,94.9660161808598,110.30415341404975,108.98236289281245,-0.0226488136750177,-0.0005804859512847926,-0.020284855030286653
2021-09-10,96.4839152555448,113.16942739146849,111.62318467754505,0.0159836027215694,0.025976120469945796,0.024231643677334658
2021-09-13,96.64557167243939,113.6485538578792,111.81533930824168,0.001675475300379592,0.004233709381185946,0.0017214580577655791
2021-09-14,95.74791520687582,113.75198499995113,111.89036544463329,-0.009288128261127127,0.0009100964205956963,0.0006709825043305084
2021-09-15,95.02173432415161,112.4270300766064,111.25892014467765,-0.007584299680627016,-0.011647752110394372,-0.005643428703145159
2021-09-16,95.67767400681335,110.89761132334772,110.89726883412678,0.006903048942719758,-0.013603656987261514,-0.003250537665479669
2021-09-17,96.01140377438526,112.07969170120397,110.75228073360552,0.0034880631352738334,0.010659205042835573,-0.0013074091187775805
2021-09-20,97.09158706497412,114.46152760240906,112.57076785574765,0.011250572829110572,0.021251270993454252,0.016419410147554103
2021-09-21,96.97761986688826,114.18117276549853,111.64907420011086,-0.0011738112593585592,-0.002449336845165684,-0.00818768205275
2021-09-22,96.34574078562463,112.50474578869986,110.27179787163979,-0.0065157206593743355,-0.014682166386937201,-0.012335761297962433
2021-09-23,97.33848358771937,113.11851718060855,111.41401289970756,0.010303961482881263,0.005455515566084923,0.010358179064037243
2021-09-24,98.97116147142793,115.25180564327667,113.79581229700626,0.01677320031637053,0.01885887930498642,0.02137791589503868
2021-09-27,100.6253168568265,116.9440359421692,114.362431674922,0.01671350887274481,0.014682896198001893,0.004979263880439344
2021-09-28,99.71966465691233,114.30979817938136,112.26057963342333,-0.009000241968954659,-0.022525627250375657,-0.01837886804884692
2021-09-29,98.49607725667019,115.52754561127601,110.94303624020714,-0.012270271911281716,0.010653045069537237,-0.011736474170350064
2021-09-30,98.1374153797038,116.41574893001636,111.76757522135668,-0.0036413823469513273,0.007688238454653495,0.007432093163236564
2021-10-01,95.5153284352738,114.38181222011139,108.28332475008553,-0.02671852457378121,-0.0174713192037933,-0.031174072304696265
2021-10-04,96.38486588889636,113.4802007651654,107.365707381434,0.009103643026384,-0.00788247219943461,-0.00847422602482284
2021-10-05,97.47587454624316,112.56748898287326,106.2105089770037,0.011319294240699884,-0.008042916527623234,-0.010759472764672262
2021-10-06,98.97857557579623,114.8735975560309,107.78032482587243,0.015416132828232953,0.020486453006946848,0.014780230920544923
2021-10-07,98.69143911444495,114.0626083149017,105.66435786121203,-0.0029009960961844383,-0.007059840192901068,-0.019632219220705793
2021-10-08,97.44012151440025,113.29640543709635,105.62140281679469,-0.012679089607697813,-0.006717388714187811,-0.0004065234984322874
2021-10-11,97.73855251081943,114.46015281147905,106.81412762291069,0.0030627116610797422,0.010271706060690722,0.0112924537480803
2021-10-12,97.58505216774049,113.58116584749267,104.84627161310895,-0.0015705199139506298,-0.007679414559528919,-0.018423181030405633
2021-10-13,96.41649667186967,113.34109987802752,104.18679975914597,-0.011974738650158967,-0.0021136071959984015,-0.006289893229551202
2021-10-14,98.57729625899118,115.45135261381157,105.81779534502192,0.022411098325582968,0.018618601178698624,0.015654531952669748
2021-10-15,100.41950983223806,116.91930371412144,107.86686901166236,0.01868801076068105,0.012714888713519112,0.019364168946814475
2021-10-18,102.05345009536464,117.1472386569835,108.61928399142155,0.016271143584112746,0.0019495065025307845,0.00697540390903395
2021-10-19,102.36986736941908,117.14707072951369,108.26410014381355,0.0031005054092612117,-1.4334735649601527e-06,-0.0032699888505622887
2021-10-20,101.67766085423895,116.89451949802051,107.3459247876777,-0.006761819009515668,-0.0021558476018260775,-0.008480884752343432
2021-10-21,100.278694418608,116.17994928435662,104.05074060614852,-0.013758837721851713,-0.006112948808314256,-0.030696872639057404
2021-10-22,99.72546014917421,112.45985291613192,101.74180991823359,-0.0055169672146342386,-0.032020123877998685,-0.02219043011577082
2021-10-25,102.05213404289437,115.60954132275208,104.29753825029427,0.023330791256714223,0.028007225022507187,0.02511974510886561
2021-10-26,101.57473263115382,116.40525431897899,104.84990709481343,-0.004678014979479839,0.006882762331920977,0.00529608707727669
2021-10-27,100.0055046224409,116.3147673887708,104.43732087392857,-0.01544899964847779,-0.0007773440360366868,-0.003935017515196981
2021-10-28,97.75995719609912,113.28207006233657,101.43278796565085,-0.022454238242380464,-0.0260731925491261,-0.028768766597379924
2021-10-29,98.7758701288618,113.65564664801664,100.77474224452916,0.010391912618423316,0.003297755641952005,-0.0064875050200189355
2021-11-01,97.85432376237385,113.13703645775757,101.52313622651836,-0.009329670953905134,-0.004562995377301093,0.007426404328310987
2021-11-02,99.22701959564493,112.77702073666572,101.28702135737979,0.014027952782183606,-0.003182120836497937,-0.002325724735411594
2021-11-03,98.96892404921248,112.00945515713565,100.07364575838716,-0.00260106115737635,-0.006806045899388824,-0.011979576284619653
2021-11-04,99.46826308207761,111.18365912799604,99.74780269042465,0.005045412362135515,-0.007372556432678978,-0.00325603274961328
2021-11-05,101.82731440346511,113.94264917961804,101.60476531997766,0.023716623255408464,0.02481470814380926,0.018616576801358198
2021-11-08,102.77662128640542,115.01317023831584,101.19920537830815,0.009322713542055272,0.009395262146399963,-0.003991544494909349
2021-11-09,105.25014002224869,117.34161972733344,103.2039411566108,0.02406693959076911,0.020245068318635928,0.019809797624481762
2021-11-10,108.92134842408447,120.77294132766706,107.06341240611346,0.03488079351780171,0.02924215302555888,0.03739654906827594
2021-11-11,108.9066018920175,122.48040949240364,108.52938736608971,-0.00013538697675274936,0.014137837051629631,0.013692585795934686
2021-11-12,109.60207222410388,120.36601793258517,108.40134536460737,0.0063859336349134654,-0.017263100022127276,-0.001179791064796376
2021-11-15,108.75166184861233,119.64450509999003,108.30877986059566,-0.007759072052512916,-0.005994323356275255,-0.0008539147157293758
2021-11-16,108.7970767485534,118.11012901859188,107.19665270989576,0.00041760189379247414,-0.01282445926050535,-0.010268116325669263
2021-11-17,108.87633519872696,118.85708962143457,108.27367781146222,0.0007284979757016252,0.006324272177580248,0.010047189668143774
2021-11-18,106.8471759396666,116.9913189206705,105.8705857356436,-0.01863728472635151,-0.015697597061367086,-0.022194610217297184
2021-11-19,106.02733404121952,116.40800245455307,105.95581352997377,-0.007673032920495926,-0.00498598076762391,0.0008050186341934662
2021-11-22,108.80810739663163,120.62214314789273,108.77458642284023,0.02622694780131929,0.03620146900970056,0.0266032867754733
2021-11-23,111.72570336244836,125.22840147977408,111.68793882282,0.026814141295385285,0.03818750199317633,0.02678339211196512
2021-11-24,112.72264968629034,124.95493074861726,111.93603885046188,0.008923159969803862,-0.0021837756285740806,0.0022213681285270237
2021-11-25,113.76425611317087,126.36751722697277,114.15033702148168,0.00924043597075963,0.011304767806220806,0.019781816417301812
2021-11-26,114.43535201292508,128.4157050473317,115.98003460876616,0.005899004860424828,0.01620818280919556,0.016028840869213967
2021-11-29,115.13999090001113,128.39672627155227,116.38351596659456,0.00615752802513736,-0.00014779170330014857,0.0034788863375447843
2021-11-30,113.62274871367424,127.93367309845505,115.24803992734296,-0.013177369343849277,-0.0036064250744048953,-0.009756330437529659
2021-12-01,113.81619575827324,129.610805169264,114.60653919246812,0.001702537975792895,0.013109387311331933,-0.00556626156314044
2021-12-02,113.0676549828141,129.05058994360462,112.95726687015512,-0.006576750966522438,-0.004322287983071993,-0.014390734891167378
2021-12-03,114.66107557995424,129.24239432743934,111.86312323218002,0.014092629739091533,0.001486272816873857,-0.0096863501418889
2021-12-06,115.7355490847116,131.93595222013508,114.99498452829626,0.009370865390217809,0.020841132715875954,0.027997263133944905
2021-12-07,116.2125161104868,131.348327225463,113.95074410997977,0.0041211799619673695,-0.00445386556722327,-0.00908074750042287
2021-12-08,118.06435213487312,132.9772581380157,115.77673775348649,0.015934910338106123,0.012401611401998247,0.016024411755875434
2021-12-09,117.10357071590009,132.0966913957967,115.1035748748578,-0.00813777742053301,-0.006621934867276913,-0.005814318935656981
2021-12-10,117.06112422198882,131.0718331337083,115.4088183150072,-0.00036246968091391274,-0.007758394636983357,0.0026519023451814228
2021-12-13,117.73837678868453,135.07376508984342,118.481114550265,0.0057854609820029435,0.030532356650972314,0.026620983388565778
2021-12-14,116.17669420727611,134.35276992315494,115.44730662464562,-0.013264006384352545,-0.005337788327799409,-0.02560583547120754
2021-12-15,115.94824912135022,132.97839571388172,116.45016511257285,-0.0019663589800404946,-0.010229593405921666,0.008686720524263336
2021-12-16,115.36429500017779,132.6657940790997,115.11355541848101,-0.005036334102477613,-0.0023507700864028314,-0.011477954477777885
2021-12-17,115.57139506701768,133.2151085902835,114.50362865437789,0.001795183395690625,0.004140588875956253,-0.005298479070391049
2021-12-20,113.35746355431723,128.21921301052177,112.15282558935805,-0.01915639688710713,-0.03750246974708493,-0.02053038050100231
2021-12-21,114.90891908410066,129.02063888906838,114.00877914510892,0.013686399475937527,0.006250435170592095,0.01654843331853595
2021-12-22,114.79787250592264,127.29915539952741,113.79647344629782,-0.0009663878057780684,-0.013342698535395603,-0.0018621872841991793
2021-12-23,114.0370127936079,125.59825750517919,112.92322742629892,-0.006627820670417783,-0.013361423247545967,-0.007673752916526055
2021-12-24,116.80361266836653,128.6902118817195,115.38033729743272,0.02426054319544324,0.024617812682734108,0.021759118359749863
2021-12-27,118.99708570597079,129.20224432889222,118.57376612899797,0.018779154064626935,0.003978798695609687,0.027677409395442165
2021-12-28,116.74122679990634,126.3802313949237,117.2729392429762,-0.018957261790750413,-0.021841825957642946,-0.010970612880817132
2021-12-29,117.26578342683536,126.60562370671356,116.6310277457478,0.004493328032504795,0.0017834459495926769,-0.005473654036234454
2021-12-30,117.23951270550216,126.35717797362163,115.25755076736797,-0.00022402716773373132,-0.001962359378817613,-0.011776257184100025
2021-12-31,116.64435127128452,125.95053160061471,116.4394430576251,-0.005076457761408859,-0.0032182293046447707,0.010254358889185688
2022-01-03,115.33501684591624,124.44108262613133,115.21608578121685,-0.01122501356557859,-0.011984458940354381,-0.010506382066795217
2022-01-04,115.57478061090369,124.86352720251956,114.52012375297636,0.0020788462302629984,0.0033947356248693605,-0.006040493595330432
2022-01-05,115.84152077369892,126.00361087780882,114.00088691837753,0.00230794435762971,0.009130638072077923,-0.004534022646699554
2022-01-06,116.01661525568063,125.51262485931936,112.22047213704948,0.0015115002014154388,-0.0038966027645477297,-0.015617552016089054
2022-01-07,116.40244770695034,124.77644204034402,113.10553687948219,0.0033256654697209065,-0.005865408518071269,0.007886838520442252
2022-01-10,115.31818867894945,123.39195270645067,111.08862902865117,-0.009314744228837601,-0.011095759033149077,-0.01783208768090727
2022-01-11,116.92955098673141,124.82878155223898,112.99619579224218,0.01397318433667083,0.011644429108002896,0.017171575347275425
2022-01-12,115.81869780536611,122.14878208395344,111.05413936573851,-0.009500191970217675,-0.02146940340969361,-0.017186918664716666
2022-01-13,117.34322020822432,124.2954537837484,113.07610379550157,0.013163007629564127,0.01757423744364095,0.018207015436894736
2022-01-14,117.23622816173244,124.9345233520899,113.53032932831924,-0.0009117872025501406,0.005141536145427894,0.004016989598785159
2022-01-17,117.50794526197646,126.08283934070161,114.48476244423908,0.0023176888620910496,0.00919134245524389,0.008406855873373864
2022-01-18,118.1515831379486,126.52646274197157,115.31293203785545,0.005477398779607512,0.003518507384428382,0.007233884893806053
2022-01-19,119.00948471096517,128.28724486507798,117.98039457296599,0.0072610247804714145,0.013916315092892484,0.023132379759755572
2022-01-20,120.17409714559726,132.28203665889947,118.60916499231355,0.009785879146192,0.03113943087656823,0.00532944835134197
2022-01-21,120.22375926514887,132.27956319690253,118.5204706740395,0.00041325144711890083,-1.8698396693994646e-05,-0.0007477863812614949
2022-01-24,116.81793483845682,131.8833679746383,116.70917207070444,-0.02832904616782639,-0.002995135549960004,-0.015282580241489097
2022-01-25,114.16343492879184,130.13187772227153,114.01194689485908,-0.022723393572534833,-0.013280599966961737,-0.02311065298459436
2022-01-26,114.85074834305173,132.14137291797329,114.96341904717342,0.0060204339041531885,0.015441990316857224,0.008345372377438487
2022-01-27,114.04886210455052,128.65490447615787,112.6940491146861,-0.006981985316334427,-0.026384381854270944,-0.019739930764899438
2022-01-28,110.89218756331238,124.96973795738973,110.85743224253693,-0.02767826423681785,-0.02864380906249142,-0.016297372279880373
2022-01-31,110.99065389805001,124.95097906750203,111.24127144824045,0.000887946544308349,-0.00015010745956822724,0.0034624580232360813
2022-02-01,107.50864848309124,119.62869152479388,106.23824691361455,-0.03137205965249257,-0.04259500471647293,-0.04497453570506671
2022-02-02,106.25493403918776,118.52301132760665,104.59646088671587,-0.01166152176213675,-0.009242600442203042,-0.015453813241418146
2022-02-03,105.04431492562334,117.06035358138149,103.49431482391518,-0.011393533152238677,-0.012340706921310507,-0.010537125763694699
2022-02-04,105.08731401376818,116.74122688761712,103.74411546852764,0.0004093423635089799,-0.0027261723034393004,0.0024136653789870177
2022-02-07,108.28725951628091,119.62815135479607,106.01695541659105,0.03045035009738184,0.02472926269618614,0.021908133659425788
2022-02-08,110.16172181093415,121.92355669114228,108.1755554610888,0.017310090799475875,0.019187835892727545,0.02036089450046541
2022-02-09,112.03532536939089,122.94923055288045,108.5076317195669,0.017007754850385526,0.008412433901812788,0.0030697901856167054
2022-02-10,112.31140357662059,124.00760752603139,109.07618449051868,0.0024642067697795422,0.008608243975107621,0.005239749148900241
2022-02-11,111.16098144666992,123.99322795994547,109.0478721845862,-0.010243146228386624,-0.00011595712854073348,-0.0002595645058977025
2022-02-14,110.75132570053799,125.72699394196833,107.78481734403687,-0.0036852476543531854,0.013982747368936455,-0.011582572087342924
2022-02-15,110.71140262416266,125.94805931404474,107.75964285672816,-0.00036047492996404973,0.001758296807592874,-0.00023356246203354303
2022-02-16,110.5736676783102,125.57884686730398,108.36827474735473,-0.0012440899725570942,-0.002931465945181011,0.005648050369244206
2022-02-17,111.83669763048904,128.5388644305008,109.35376685178714,0.011422520195796926,0.023570988562465534,0.009093917077944935
2022-02-18,112.3045467387097,127.42032642695594,108.77449419182057,0.0041833237044108795,-0.008701944026817232,-0.005297235537863987
2022-02-21,115.12252979900626,133.06759639194303,111.97046048209036,0.025092332787317595,0.044320008615143625,0.029381578043781165
2022-02-22,115.68628689607803,134.3270537157595,112.84615050597128,0.004897017969080819,0.0094647935182266,0.007820723609696989
2022-02-23,116.99475777668596,134.41461046784855,113.01034031352381,0.01131050979087389,0.0006518177066128228,0.0014549881127212672
2022-02-24,119.09425893409131,136.15060854837915,113.48369673150324,0.01794525837997618,0.012915248383253974,0.004188611561262379
2022-02-25,118.67711803892618,135.47405113275855,112.83349198179494,-0.0035026112836890055,-0.004969183926785026,-0.0057294992006354795
2022-02-28,115.35417576363203,132.47353861934715,111.6135337462048,-0.0279998565031232,-0.02214824527887649,-0.010812022336302185
2022-03-01,114.95344135729349,133.72812736924732,111.95402947843691,-0.0034739479839869247,0.009470485675672435,0.003050667072385327
2022-03-02,115.91990271801484,136.0183081112061,113.81628085165465,0.008407415639845262,0.017125647289109036,0.016634071876586054
2022-03-03,114.47131395922483,135.16206213606893,113.5369334187447,-0.012496462857752966,-0.006295078853922553,-0.002454371473217032
2022-03-04,113.51602450977406,132.0384968165618,112.18319223349043,-0.008345230052928865,-0.023109778514348256,-0.011923355198095953
2022-03-07,110.77295774870792,131.0979004354312,109.8804810023033,-0.024164577405808907,-0.007123652599872798,-0.020526347889926577
2022-03-08,112.23335807155472,132.7194119884116,110.88109727726369,0.013183725997095497,0.012368707260716372,0.009106406031653691
2022-03-09,113.58679706730801,131.83072346262142,111.15874675992923,0.012059150853264144,-0.006695995050579051,0.002504028995774288
2022-03-10,112.89281194413215,131.2833552508828,110.59602079270057,-0.006109734063234784,-0.004152053461906502,-0.005062363364387146
2022-03-11,112.75269766303752,130.62212798973968,111.30664501653472,-0.0012411266818649347,-0.005036642001413849,0.006425404989625516
2022-03-14,110.51967480779068,127.50081314337838,109.22880722469142,-0.019804606909896272,-0.023895758662012323,-0.01866768863201862
2022-03-15,111.72392502837647,129.19854265806111,111.50606200144269,0.010896251935957668,0.013315440684865232,0.020848481592102175
2022-03-16,110.39746414301428,127.36379135692897,110.75220542128177,-0.011872666351681493,-0.014201021647651468,-0.006760677999292586
2022-03-17,110.31803462734267,125.7263315897164,110.27355695901235,-0.0007194867770577984,-0.012856556402468411,-0.0043217962156936185
2022-03-18,112.01628060202088,127.05178171418218,109.18030164362207,0.015394092003315096,0.010542343101134444,-0.009914029668931734
2022-03-21,110.14153810341196,129.3634647290929,107.49114564135786,-0.016736339472559703,0.01819480989342681,-0.0154712523855981
2022-03-22,110.22058711921916,128.70075109938855,106.24472508666847,0.000717703939570713,-0.005122880954774756,-0.011595564892833643
2022-03-23,112.11799452149758,129.18255348532426,107.09976837109832,0.017214637046218062,0.0037435864345782832,0.008047865752698335
2022-03-24,109.00347694246024,125.38009179661391,104.14392271553281,-0.02777892694504236,-0.029434792749644223,-0.02759899204752314
2022-03-25,107.31892721120097,123.0335781570624,101.39414638541642,-0.015454091727261976,-0.01871520116094605,-0.026403617786007083
2022-03-28,107.92510120602094,123.68086958074163,100.85222711396791,0.005648341914814559,0.005261095656772019,-0.0053446800507455094
2022-03-29,107.58619670984253,124.29725893462195,101.67599114582642,-0.0031401823337785517,0.004983708118885266,0.008168030150961458
2022-03-30,107.45477918313213,124.47984196550692,101.58330390949757,-0.001221509178029767,0.001468922423953023,-0.0009115941264433713
2022-03-31,107.84896500582693,124.0717160810914,100.80794687040928,0.003668388001830891,-0.0032786504061325106,-0.00763272121744607
2022-04-01,109.9764650275046,125.21512393465039,102.09817206986199,0.01972666146182056,0.009215701125723896,0.012798844133898646
2022-04-04,111.98888506855162,127.13090892461965,104.37073418929472,0.018298642719092095,0.015299948838201738,0.022258597518060474
2022-04-05,113.9796763938228,129.3185638809162,106.99819662969607,0.01777668671361954,0.01720789204452,0.025174321717771786
2022-04-06,114.34023116358489,128.76279022661186,105.7435030872085,0.0031633250871523355,-0.004297709761269308,-0.011726305508025225
2022-04-07,113.91336303270494,128.59158469083727,105.01837542891515,-0.003733315269139559,-0.001329619647673641,-0.006857420428896921
2022-04-08,112.93608902163112,125.66124039253796,104.8564053707856,-0.008579098931468132,-0.022787994294840574,-0.001542302073023305
2022-04-11,110.99979398400113,123.52348979646082,103.21574644134405,-0.017145051279924495,-0.017012012529872167,-0.015646721091000293
2022-04-12,110.02238403572765,122.2132498778302,102.2502782952796,-0.008805511372519836,-0.010607212610246108,-0.009353884260412837
2022-04-13,109.17289774557935,121.19928014345966,100.75751943198772,-0.007721031475490081,-0.00829672507182444,-0.014599068952957484
2022-04-14,110.08897547793507,121.48817354015517,101.38033775117907,0.008391072796204213,0.0023836230409417514,0.006181358202369758
2022-04-15,110.15160769598691,120.68421696128895,100.77538012083606,0.0005689236163741729,-0.00661757071029212,-0.005967208669473756
2022-04-18,109.79681975966899,119.67431795429229,99.15563212094483,-0.0032209056566574468,-0.008368111692025115,-0.016072854281959037
2022-04-19,108.21328651835654,118.27093159557822,96.41041571309823,-0.014422396247711022,-0.011726712821125695,-0.027685935222500846
2022-04-20,109.05484941421237,120.51585654452175,97.78548771862421,0.007776890647462897,0.01898120627492772,0.014262691384071768
2022-04-21,109.05466058254704,120.98912841052847,98.47172479398473,-1.7315292840658358e-06,0.003927050593810266,0.007017780361592729
2022-04-22,108.66398523019821,120.16755042517696,98.26657580185474,-0.003582381076259633,-0.006790510818160511,-0.002083328920653993
2022-04-25,106.89833349797865,120.62579297570014,97.19348304142966,-0.016248729774442916,0.0038133634987300713,-0.010920221363863059
2022-04-26,109.80524028172034,124.09058349863966,100.12579417001015,0.027193190844239545,0.028723463178704334,0.03016983275854579
2022-04-27,109.01439205899403,121.65144417295544,98.90282743786392,-0.007202281245387576,-0.019656119400155436,-0.012214302441084013
2022-04-28,110.14452909999683,122.3320215717345,99.34935371517574,0.010366860922282672,0.005594486801253851,0.004514797896878697
2022-04-29,110.89774839409614,121.92294128777836,99.13481556375805,0.006838463065337308,-0.0033440163801777834,-0.002159431776805998
2022-05-02,110.53983270754316,120.55817365441331,97.63148789782059,-0.003227438714815567,-0.011193690202598972,-0.015164477357307526
2022-05-03,109.61087773516984,118.62127681008545,96.45972580383757,-0.008403802951566508,-0.016066076530655504,-0.012001887087999319
2022-05-04,110.37458574025649,120.51025758190075,97.17232570947807,0.0069674472175274005,0.015924468380487777,0.00738753816374782
2022-05-05,109.02047514627657,120.13961441960501,96.65993083549284,-0.012268318697626124,-0.0030756150532982307,-0.00527305351852092
2022-05-06,110.55120468574616,122.20897703372258,98.36711397841337,0.014040752779840293,0.017224648373599827,0.017661745959926423
2022-05-09,106.14857818844565,118.80933800038318,95.85546552000726,-0.039824319507104855,-0.027818243109925533,-0.025533416167493717
2022-05-10,106.15700800604948,118.32329738151839,95.76165315869584,7.941526629640094e-05,-0.004090929442458702,-0.0009786855741871214
2022-05-11,105.05982260007643,117.33145726574634,95.92270128635812,-0.010335496700420665,-0.008382458380736146,0.0016817601028189522
2022-05-12,106.46708068868784,117.56982492315795,96.27006226882506,0.013394826431111673,0.0020315750180426306,0.0036212593870763587
2022-05-13,105.8650982011718,118.19232950799292,96.54993178987324,-0.005654165434255232,0.005294764921542017,0.002907129324033031
2022-05-16,104.07956108610838,116.12653465078857,94.6037136192249,-0.01686615461944241,-0.01747824808770393,-0.020157633822921794
2022-05-17,105.92286940875664,118.45216943093422,95.26454647435298,0.017710569716211877,0.020026730214065314,0.006985273937425873
2022-05-18,106.80797063915277,119.35584511188269,97.1428749344632,0.008356091893437334,0.0076290344473206595,0.01971697267897965
2022-05-19,102.51052705347288,115.0387619715326,94.21484442157477,-0.04023523300708198,-0.036169851055918634,-0.030141485053472028
2022-05-20,102.02169681344584,114.66421467056182,94.13113253673751,-0.0047685857645825,-0.0032558356379344122,-0.0008885211810432114
2022-05-23,102.15495296791379,114.65085192634785,93.88112780229642,0.0013061550496618057,-0.00011653805201872203,-0.00265591975474766
2022-05-24,102.93466895743053,117.49636431980464,95.95041891968286,0.0076326792471985705,0.024818938068465135,0.022041609062730227
2022-05-25,103.0025444604377,118.29819158498232,96.31035713643038,0.0006594037139735498,0.006824272987675073,0.0037512938536392593
2022-05-26,102.33953266199438,117.1968637085018,94.98811676559092,-0.006436848739187928,-0.009309760882433737,-0.013728953044649383
2022-05-27,101.48282940452178,114.31377435791387,93.75768284749138,-0.008371185945338588,-0.024600396796956026,-0.012953556297320534
2022-05-30,100.57699959553379,111.87984396402575,93.15115386313785,-0.00892594160315785,-0.021291663297439034,-0.006469112353599038
2022-05-31,99.9884957738362,110.53727902069186,92.67800709305976,-0.005851276375953063,-0.012000060920406619,-0.005079344167580158
2022-06-01,102.12659764157965,112.13007140991469,93.45932537006264,0.02138347868118351,0.014409549460003168,0.008430460489060154
2022-06-02,103.52877659309323,112.33457792145796,94.96257165706673,0.013729811664093816,0.0018238328841837514,0.01608449751859231
2022-06-03,101.9352804179159,110.68416251606827,92.52775725218832,-0.01539181885091101,-0.014691962492115573,-0.025639726919687078
2022-06-06,102.28390909049176,110.97491134713111,92.89392934090718,0.0034200982343555175,0.002626833184202315,0.003957429636177512
2022-06-07,100.6273051586917,109.48287772215149,91.65349549808317,-0.016196134333646195,-0.013444783211518208,-0.013353228263946026
2022-06-08,102.08762928397431,110.66657597832277,92.93100203125874,0.01451220543946441,0.01081172034201816,0.013938437658411962
2022-06-09,102.98416645951534,111.95746633590527,93.8008795500386,0.008782035412411737,0.01166468146475741,0.009360466365005538
2022-06-10,104.27779924668982,111.40037263609305,94.19794407007261,0.012561472619026626,-0.004975940578547666,0.004233057535693918
2022-06-13,103.8324851816911,113.22358126305741,94.00173137519154,-0.0042704589875861565,0.01636627045153749,-0.002082982774391673
2022-06-14,103.39739727225205,113.63563690416498,95.00606907295486,-0.0041902869672983956,0.003639309378054678,0.010684246801313524
2022-06-15,104.26470343365675,113.14665906544433,95.32975763916531,0.008388085041647786,-0.00430303249968178,0.003407030407308831
2022-06-16,104.19732814658862,113.16666971701872,95.30249774401096,-0.0006461945879029374,0.00017685587660887236,-0.00028595368150963196
2022-06-17,101.55446792823042,112.56699832723518,92.07317841223764,-0.02536399219987795,-0.005299010665269721,-0.03388493909621859
2022-06-20,102.03875880571157,113.18305265974166,93.10714979563292,0.00476877962497313,0.005472779248457904,0.011229886935866462
2022-06-21,100.97177064271389,112.44660436264513,93.00804991394483,-0.010456694843077097,-0.006506701134051274,-0.0010643638206691008
2022-06-22,99.53790223225819,110.60819828212239,92.20946852081676,-0.014200686006878183,-0.016349147143597254,-0.008586153498186033
2022-06-23,98.7490553381233,110.36219486639725,92.20016367018798,-0.007925090608140617,-0.0022240974859537577,-0.00010090992582478808
2022-06-24,98.19309340125328,109.82087633560708,92.78945438152583,-0.005630048155563339,-0.004904927194004038,0.006391428039605573
2022-06-27,100.84651544337095,114.5484567655812,95.28822829076772,0.02702249160513559,0.04304810330894515,0.026929503205909366
2022-06-28,101.66389864872458,115.69969201077028,95.02448573865408,0.008105220113555855,0.010050203011857661,-0.0027678398144715954
2022-06-29,101.69977711153082,117.00062371726216,97.51598787196323,0.00035291252138791585,0.011244037766070969,0.026219580289668976
2022-06-30,99.44259833056333,114.66695494069381,94.99339700302794,-0.022194530264231793,-0.01994578064992003,-0.025868484993941898
2022-07-01,99.9605779299825,117.57733422139506,96.35915821592403,0.00520883010012807,0.025381150848616363,0.014377433126773642
2022-07-04,101.66134187781981,119.66536187332575,96.88203474288369,0.017014346886115472,0.017758759932411605,0.005426329335380675
2022-07-05,102.58707621451771,120.67834252481728,98.1019794576795,0.009106060569321173,0.008465111671695391,0.012592063307025336
2022-07-06,101.17040711276543,120.59878124358035,97.94441303042174,-0.013809430525048905,-0.0006592838414281044,-0.0016061493165460128
2022-07-07,102.50057986749472,121.49718880624123,99.05834695628054,0.01314784424309634,0.007449557561003184,0.0113731237075545
2022-07-08,103.96983200591458,123.79664119059734,101.12007015225623,0.014334086112675726,0.01892597192535206,0.020813220282038802
2022-07-11,102.66757766887358,122.45966897570845,101.10117803174094,-0.01252530962026488,-0.010799745469915356,-0.00018682859383745143
2022-07-12,101.08611519965824,120.82627273859214,100.13267241648134,-0.015403718536302846,-0.013338238219803844,-0.009579568053653564
2022-07-13,100.10338247605435,117.05757428164831,97.042548994626,-0.009721737962358756,-0.031191051180544216,-0.030860291124585215
2022-07-14,102.33025516263608,117.9245915077579,97.82171054091003,0.022245728680690746,0.007406758865714069,0.008029071313112146
2022-07-15,103.62566452018822,120.15929817461566,99.80529779520752,0.012659104147578981,0.018950302377860995,0.020277576862325786
2022-07-18,103.66695665667598,120.94645748308743,99.58853330425922,0.00039847403323256536,0.006550964598077691,-0.002171873595258389
2022-07-19,103.40852768534879,121.93977216275911,101.72971079605927,-0.002492876994383608,0.008212846414377806,0.021500241250249186
2022-07-20,103.66723251224983,121.10187736516036,101.1316464546943,0.0025017745895021815,-0.006871382345051247,-0.0058789545029172
2022-07-21,104.41933432756876,122.67342780248592,99.99400133680028,0.007254961834059381,0.012977093927180272,-0.011249150565383892
2022-07-22,106.00270634808034,126.77523516599307,100.63324349399446,0.015163590447191178,0.033436804016851784,0.0063928050547858994
2022-07-25,108.28832390902565,127.93801721068942,102.33887377253753,0.021561879311270182,0.009171996748212452,0.016948974507065895
2022-07-26,106.59222101204095,125.33496459401954,101.02010433041795,-0.01566284189983047,-0.020346201023134114,-0.012886300127268546
2022-07-27,107.82055705541931,126.26879406921228,102.69536705786734,0.011523693114900091,0.0074506701160172994,0.016583458694221065
2022-07-28,108.7094699934086,126.70473461468691,103.85584595608532,0.008244373450346787,0.0034524804698434775,0.011300206927193246
2022-07-29,109.26339782397194,128.74769684481103,103.96080836768895,0.005095488282639282,0.016123803394852088,0.0010106548229169565
2022-08-01,109.6198287231766,128.67473723073584,103.45485459866204,0.0032621253439224507,-0.0005666867513998142,-0.004866774094690163
2022-08-02,109.70773918858391,128.08914877575504,103.80218544617468,0.0008019576971727282,-0.004550920154052784,0.0033573180191499574
2022-08-03,108.70414981530563,125.0706207339336,101.20582789266199,-0.009147844816610018,-0.023565837314650007,-0.025012551926076765
2022-08-04,105.91840338284604,122.4046129617663,99.46261134866361,-0.02562686371396794,-0.021316019353887827,-0.017224468000471393
2022-08-05,106.23804707144903,123.13617050860002,98.44981601093727,0.00301782955930352,0.005976552101530919,-0.01018267391126515
2022-08-08,105.36070606767443,124.11326664979225,99.12453035033178,-0.008258256132895214,0.007935086312628181,0.006853383446847161
2022-08-09,102.97122052591749,122.12191446109541,97.25008785685311,-0.022679095755320233,-0.016044636020384417,-0.018909976035739073
2022-08-10,103.33830384385867,123.45548418975112,98.59791952479175,0.0035649117886176196,0.01091998708455022,0.013859439077551938
2022-08-11,104.45141149722134,122.61045977142797,98.50813472185361,0.010771491421463164,-0.00684477019282792,-0.0009106155928124693
2022-08-12,103.01623201481745,120.75758756021142,97.61470814131987,-0.013740163601734356,-0.015111860885855033,-0.009069571594837456
2022-08-15,103.61318628460094,121.5521745404207,98.16945608014477,0.005794759312276465,0.006580017009805594,0.005683036392648777
2022-08-16,104.82118115273344,122.29353917268936,99.67597991773599,0.0116586981971043,0.0060991474243197175,0.015346156510853026
2022-08-17,104.4118911134352,120.00557949260026,99.72026864704107,-0.0039046501365203046,-0.018708753508705822,0.0004443270017675527
2022-08-18,105.30779934905752,120.57813939120334,99.94585406892774,0.008580519192483482,0.004771110651887511,0.0022621822518864576
2022-08-19,104.47040156180205,120.4437938111369,100.75146965480796,-0.007951906624501737,-0.001114178579506575,0.008060520302569207
2022-08-22,103.54307109909846,119.6768213227062,100.89236003019357,-0.008876489884601546,-0.006367887162649133,0.001398395237988348
2022-08-23,105.0252042191927,124.13244247806404,104.25303918411433,0.01431416998126056,0.03723044367416262,0.03330955042497785
2022-08-24,105.53600536148473,124.31847858943217,103.49196563716296,0.004863605323022879,0.0014986904926246325,-0.007300252855048983
2022-08-25,106.35928678343656,122.87496934723616,104.09099315000137,0.007800953040925762,-0.011611381176592994,0.005788154753370467
2022-08-26,106.06956421460131,123.02620444393465,103.6436723398069,-0.0027239987931205745,0.0012308047562650248,-0.004297401693053815
2022-08-29,108.71794691049847,126.06540601876436,107.17887938849115,0.02496835652627838,0.02470369291295782,0.03410924148937622
2022-08-30,110.87810804000688,129.5025148477887,108.82544358454855,0.019869406946092738,0.027264488629915817,0.015362767416974954
2022-08-31,112.96585971629744,131.81470139253892,109.10117893562068,0.01882925054544815,0.01785437562712877,0.0025337397394378236
2022-09-01,112.65874298528915,130.38216273095097,108.12240296293747,-0.002718668558621018,-0.010867821619698681,-0.008971268525528653
2022-09-02,115.1170689148745,134.93609193575185,112.50195806742845,0.021820995552083833,0.03492754767535278,0.0405055287754954
2022-09-05,119.31677581359783,140.5776809052853,116.10704655396513,0.0364820520389455,0.04180934017430715,0.03204467325249549
2022-09-06,117.65326527205835,139.48381198475644,115.08156842759145,-0.013941966921217297,-0.007781241755338453,-0.008832178208038832
2022-09-07,118.0079110518718,137.2850393922269,114.211506377269,0.0030143301079947893,-0.01576363996110053,-0.0075603944420507
2022-09-08,116.22208231096522,137.26685323056873,114.28156887098805,-0.015133127304673644,-0.00013247009097783202,0.0006134451417496578
2022-09-09,117.0131242748669,139.0591900609083,115.4469739480084,0.006806296601924222,0.013057317102832977,0.01019766431747171
2022-09-12,119.05363287447781,141.4293151313851,118.54699151893477,0.017438288330954288,0.017044001690493582,0.026852306863603514
2022-09-13,117.7890755455109,142.1052615100688,117.94198839217867,-0.010621744993705273,0.00477939370671332,-0.005103487815289465
2022-09-14,116.08403489205902,142.5027270140404,116.04067259487184,-0.014475371723187358,0.002796979504825936,-0.016120771094553787
2022-09-15,114.8926750021537,140.58549996274817,114.96012576099541,-0.010262909029765566,-0.013453967453572524,-0.009311793957355707
2022-09-16,112.39201773230792,136.71582596960533,112.53917902980193,-0.02176515839498816,-0.027525413319070657,-0.0210590125503749
2022-09-19,108.94671111065963,132.43067745991465,108.05517204040032,-0.030654371112495027,-0.031343470876907586,-0.03984396392490286
2022-09-20,108.82145194321255,131.60879658096454,107.18713383917773,-0.0011497287634488762,-0.006206121532519426,-0.00803328692955152
2022-09-21,111.35601979558007,131.75425191795554,109.02400727561977,0.02329106814059201,0.0011052098398416366,0.017137070193499637
2022-09-22,112.91793077203354,132.4619219630842,110.12128710164686,0.014026282362828102,0.005371136299793466,0.010064570670688111
2022-09-23,114.0598333331254,132.97912753127972,109.81755195687893,0.010112676997218406,0.003904560348593211,-0.0027581873837668747
2022-09-26,114.50414577104273,130.97358103138254,109.6848301847738,0.0038954329927842757,-0.015081663845519122,-0.0012085661147978044
2022-09-27,114.91668295761227,132.11701256946222,110.01039645158099,0.0036028144115796135,0.008730245665388825,0.002968197755867763
2022-09-28,114.76030519959035,132.53045123557976,110.92069601411265,-0.0013607924802319094,0.003129337078373373,0.0082746685031021
2022-09-29,117.85609315523968,135.11133581426924,113.40237786218496,0.02697612166737584,0.01947389867481708,0.022373478865987062
2022-09-30,116.22483819948859,134.80068214317268,113.57106703747344,-0.013841074416088173,-0.0022992420970776584,0.0014875276733039566
2022-10-03,115.59386827304216,132.53062461122303,110.87810747490134,-0.005428873347738561,-0.016840104188334926,-0.023711669114489742
2022-10-04,115.26682800488213,131.40229044292536,108.78097973963736,-0.002829218132812561,-0.008513761793605301,-0.018913812501162086
2022-10-05,115.33635995155018,131.04747808398366,109.17555618742571,0.0006032259920010219,-0.0027001991955064586,0.003627255874443902
2022-10-06,114.75678739150281,130.10096019535916,109.78979472943476,-0.005025063737843172,-0.007222709680974604,0.005626154456722654
2022-10-07,111.63051796754104,130.0514075986372,107.68615765219394,-0.02724256660563551,-0.0003808780246321586,-0.019160588490260033
2022-10-10,110.89473608251646,131.48718786212962,107.91516091827509,-0.00659122521709099,0.011040097835184337,0.0021265803430445818
2022-10-11,108.56651351298687,130.00704214226292,106.26339396365725,-0.02099488805128824,-0.011256957760924169,-0.015306162179276495
2022-10-12,108.94427702162304,131.54835775735427,108.40561612020878,0.003479558257998061,0.011855631738815653,0.020159549555552214
2022-10-13,110.5768262444362,132.81899451216796,108.20083534350688,0.014985176527346544,0.009659084890724534,-0.0018890236874334887
2022-10-14,108.51952360722845,129.3432664655952,105.46500478068894,-0.01860518796822741,-0.026168907988942336,-0.025284745299169353
2022-10-17,106.66133086133789,128.94550018195926,105.24476478902838,-0.017123119270372356,-0.003075276313218467,-0.0020882755575515333
2022-10-18,107.16353421596956,129.8106007875751,105.45335068290242,0.004708391978387683,0.006709040675285882,0.001981912300266675
2022-10-19,108.22765402414237,130.27792920571673,106.48638727044957,0.009929868550511367,0.003600079002071377,0.009796147593768456
2022-10-20,107.2288228617269,129.04949592161302,105.85755574622364,-0.009228982845665867,-0.009429327681160338,-0.005905276161063178
2022-10-21,109.51281719835609,128.83141522700285,105.73525532514392,0.021300190337577796,-0.0016898996238050579,-0.0011553301057971588
2022-10-24,108.89189836814145,126.16557803218763,103.58146526750214,-0.005669827935208649,-0.020692446715096513,-0.020369649186723127
2022-10-25,106.21649285870738,121.6852992979651,101.08324669092102,-0.02456937154671568,-0.03551110218889897,-0.024118393866406573
2022-10-26,106.16316798330313,121.86561205459931,100.94927054211075,-0.0005020395041209769,0.0014817957277870608,-0.00132540409213322
2022-10-27,106.3555150433952,120.36561041821886,100.60264802972176,0.0018118059563023703,-0.01230865386134028,-0.0034336306793262272
2022-10-28,107.68877418763856,121.03638268133989,102.40213025331673,0.012535872199004983,0.005572789942163592,0.017887026423631713
2022-10-31,107.34572323010492,119.66930928388244,101.41721269474573,-0.003185577699453601,-0.011294731114499856,-0.00961813544439516
2022-11-01,108.67618472285274,122.17962720061044,101.81619298990931,0.012394173262924024,0.02097712380684813,0.00393404910825601
2022-11-02,108.49563604894837,122.0176869867677,101.27973621617782,-0.0016613453477852813,-0.0013254273036603648,-0.005268874802504708
2022-11-03,111.40424569375622,127.25658086012564,105.98713764611547,0.026808540423649996,0.04293552846913151,0.04647920310426046
2022-11-04,113.01622819361235,128.6002885913738,106.22059552187311,0.014469668456688511,0.01055904317219647,0.002202700072315711
2022-11-07,110.9150508964755,126.25136575698195,104.34794096309012,-0.0185918193406458,-0.018265299869236973,-0.01762986311253889
2022-11-08,108.76888698706502,121.68527589512858,101.05275778180005,-0.01934961839771998,-0.036166657164268035,-0.031578804055708565
2022-11-09,109.23315594439771,122.69687371345061,102.14493757586223,0.004268398530067774,0.008313231086346518,0.010808015714133035
2022-11-10,108.69334772921184,122.68482357398656,103.07588888848977,-0.004941798216107962,-9.821064791104561e-05,0.00911402302180786
2022-11-11,110.07061849796062,121.44506161703592,103.42122413438408,0.012671159712367874,-0.010105259320872695,0.0033503009250581695
2022-11-14,107.61128936057133,118.19189219993362,101.4997680803149,-0.022343193587440968,-0.026787169225215735,-0.01857893358110385
2022-11-15,107.98030637566562,119.71205930575938,102.72685156323442,0.0034291663754517643,0.0128618560675402,0.012089520066179471
2022-11-16,107.16993343293888,118.57144110778006,100.71555780678614,-0.007504821665419659,-0.009528014174963295,-0.019579046041435566
2022-11-17,108.8130443787254,122.12268849185422,101.60684867663257,0.015331827623226824,0.029950275976203367,0.008849584803534372
2022-11-18,109.3000371998824,121.28831273411203,101.52791563458707,0.004475500377160824,-0.006832274723446274,-0.0007768476542039382
2022-11-21,112.3117985880671,125.09495511125894,104.60756681114407,0.027554989598740587,0.031385071581396584,0.03033304837697126
2022-11-22,108.8800492881296,122.78872047083836,101.43222814510389,-0.030555554653027506,-0.018435872480784155,-0.030354770336765924
2022-11-23,106.73010042736647,119.68667082526063,99.45315196481708,-0.019746031296089095,-0.025263311106124342,-0.01951131525431582
2022-11-24,106.52394276069847,119.10335752042084,99.73926929436196,-0.0019315794311304257,-0.004873669731288777,0.002876905597181123
2022-11-25,108.52317305783934,120.26676030905196,100.18876287474407,0.01876789616801977,0.009768010011234507,0.004506686118338266
2022-11-28,108.4210514005535,119.85911297507184,99.45925387670044,-0.00094101245299405,-0.0033895261910488195,-0.007281345503344139
2022-11-29,108.50804812852142,120.62284445631349,98.9337827736932,0.0008023970146400217,0.006371910005712245,-0.005283280162735493
2022-11-30,108.30573998622755,121.78376967913165,99.54621647900323,-0.0018644528750001443,0.009624422538291322,0.006190339519423382
2022-12-01,110.63865656881113,123.56204259124166,100.54834376651185,0.02154010104063042,0.014601887565110605,0.010066955058206428
2022-12-02,110.63265442835639,124.47936380734414,102.01337261877363,-5.4249939766770616e-05,0.007423972579808202,0.014570392682586641
2022-12-05,109.93478410667828,123.95228624358697,101.83543795737026,-0.006307995819896384,-0.004234256567802963,-0.0017442287891835662
2022-12-06,112.083396442976,126.80434182418236,105.89238489444621,0.019544426759529943,0.023009301942124916,0.03983826277424418
2022-12-07,111.77914114164291,126.39733413145511,106.03226656443275,-0.0027145439109518277,-0.0032097299419886482,0.001320979503162345
2022-12-08,110.09936817475581,126.76828412425363,103.77359117836924,-0.015027606669106075,0.002934792852614443,-0.02130177406601952
2022-12-09,109.01970044701122,126.49178903267291,104.17389541878337,-0.009806302666795386,-0.002181106208787198,0.003857476992639386
2022-12-12,108.86039330069339,128.6955351103148,103.86399373367404,-0.0014612693454909564,0.017422048454644568,-0.0029748497343170532
2022-12-13,112.50951601818838,133.61726836188015,107.70859031248092,0.0335211237701063,0.03824323234948701,0.0370156821493417
2022-12-14,113.29394043777789,133.2516722006435,109.08505634292584,0.006972071762024967,-0.002736144554658093,0.01277953807074761
2022-12-15,112.16278652716953,134.81668385649553,109.60215010549331,-0.009984240165338831,0.011744780609548533,0.0047402804738159166
2022-12-16,111.26898224738471,133.3406980742222,109.37840543558333,-0.0079688130748099,-0.010948094405321851,-0.002041425918146822
2022-12-19,114.33022702000002,134.35418717849535,110.69668808792457,0.027512112637188002,0.0076007484504769796,0.012052494704885897
2022-12-20,112.72000238497057,134.53879125824108,108.99293345869849,-0.014083980037473132,0.0013740106179234157,-0.015391197863777295
2022-12-21,110.26924624703645,131.84443130495706,107.25800607609169,-0.021741980891413548,-0.020026640109411464,-0.01591779693923212
2022-12-22,109.46099869458838,131.0893080653134,107.69293974007293,-0.0073297640090632665,-0.005727380611905142,0.0040550228359894636
2022-12-23,109.12208939890927,132.97867644135434,107.52486336787466,-0.003096164841549842,0.014412833540166314,-0.001560700010640792
2022-12-26,109.16211945782489,132.31609169257646,105.90897268563715,0.0003668373574601258,-0.004982639070483463,-0.015028065431797466
2022-12-27,109.96262157733551,134.110597192029,106.74573734291025,0.007333149296536945,0.01356226197809618,0.007900790991116624
2022-12-28,111.74624722032884,137.24004832898706,108.33524548742362,0.01622029028963201,0.023334853490191376,0.014890600637355922
2022-12-29,111.2242767152575,135.39838473207126,107.1964311467587,-0.0046710338651657635,-0.013419287003608615,-0.010511946832641117
2022-12-30,112.14109785048431,136.3010560017951,107.34459090806641,0.008242994805656823,0.00666678019468292,0.001382133338980962
2023-01-02,113.43843737784098,139.25464968743714,108.64265924138135,0.01156881421908662,0.021669631712927684,0.01209253603124405
2023-01-03,114.90713998579629,141.0281749898994,110.8188610828829,0.01294713363393174,0.01273584261956806,0.02003082266852907
2023-01-04,117.25944082188282,144.05330245834543,113.12325416958342,0.020471320027435125,0.021450518441883615,0.020794231813815678
2023-01-05,117.32474708228393,143.98197208251204,111.78372494869313,0.0005569381871803891,-0.0004951665433287067,-0.011841325028381755
2023-01-06,118.79889576936382,145.99121727937856,114.34525594653404,0.012564686681540538,0.01395483870518932,0.022915062089911675
2023-01-09,121.81297666443285,149.5667760359296,118.59758174313284,0.02537128712812753,0.024491601777034244,0.037188475913570995
2023-01-10,122.6649683448606,149.74423354233738,118.47079090348589,0.006994260412622522,0.0011864767772031826,-0.001069084527554387
2023-01-11,122.79203090953324,152.13625061390724,117.1686317795803,0.0010358504664136348,0.015974017930336926,-0.010991393861516596
2023-01-12,121.01657995325832,151.24435123923482,115.38523202541451,-0.014459007992000616,-0.005862503979645828,-0.015220795251076669
2023-01-13,122.31575772064942,155.19165021858817,117.41347063869149,0.010735535311714228,0.02609881920885493,0.017577974041168787
2023-01-16,123.48653756379213,156.22444462039192,118.90591681072415,0.009571782613787105,0.0066549611422332955,0.012711030207302798
2023-01-17,122.58154035722943,154.80833467066563,119.40428218207002,-0.007328711488855055,-0.009064586231477878,0.0041912579685936535
2023-01-18,123.7385350843097,156.5986678180775,121.87971986578488,0.009438572265518363,0.011564836939952583,0.02073156538841925
2023-01-19,121.1625366100812,155.31944402373824,119.56721196946548,-0.020818077993838613,-0.008168803810166159,-0.018973688968648372
2023-01-20,119.44101120488028,152.17550896633435,117.56600461411946,-0.014208396863966688,-0.020241735200413058,-0.016737091401420878
2023-01-23,119.45485300231131,152.82521999326912,118.09564489675259,0.00011588814672114367,0.0042694848293789445,0.004505046202527119
2023-01-24,119.79615744279033,153.36265438793498,118.57377805187177,0.0028571835459243466,0.0035166603698626453,0.004048694221850502
2023-01-25,120.0395037038749,153.2106658801175,121.54552635203729,0.0020313361152737297,-0.0009910398879314775,0.025062440861633783
2023-01-26,123.16423423523484,156.85844696600535,124.06216114606255,0.02603085180248943,0.023808923908353208,0.020705285250369743
2023-01-27,122.07637901756694,155.38871984802307,123.6159169785391,-0.008832557799126839,-0.009369767114300154,-0.0035969401419508884
2023-01-30,120.07320697372201,152.4892457450994,122.42169430434615,-0.0164091698981067,-0.018659488962644688,-0.0096607516522349
2023-01-31,124.37972308086546,155.823897591447,126.7374422988651,0.03586575403192094,0.021868111617010744,0.0352531307383297
2023-02-01,122.38283755847273,154.96894306759862,124.32490707305448,-0.01605475131259504,-0.005486671409606125,-0.019035694440807216
2023-02-02,122.08010018199442,154.61347977002018,124.29054410920988,-0.0024736914302518898,-0.0022937711940345107,-0.0002763964571025346
2023-02-03,119.12279434657383,153.47994797604522,123.0262543043852,-0.024224307082087115,-0.007331390482000821,-0.010172051412968175
2023-02-06,119.56575434687002,154.22375383057286,122.09653753641878,0.0037185158619386094,0.004846273824928193,-0.007557059858671833
2023-02-07,117.23946588063052,154.88514378875047,121.56638865084713,-0.019456143432932782,0.0042885090120694525,-0.004342046844805214
2023-02-08,119.48127093541625,157.95018566508313,124.00126541590402,0.019121590481043782,0.01978912761648144,0.02002919385925117
2023-02-09,117.9818553486277,156.01939171620495,121.63603195458717,-0.012549377614162083,-0.012224068878096905,-0.019074268745434053
2023-02-10,119.27991907972174,155.8643356741547,122.91658733765018,0.011002231887762282,-0.0009938254491614895,0.010527763545765012
2023-02-13,120.31225789876355,157.4856590597751,122.57653180520565,0.008654757875479868,0.010402144779354083,-0.0027665552697978546
2023-02-14,118.4756205352689,157.8319567669405,122.33698414866171,-0.015265588025453525,0.00219891582022691,-0.001954270144668646
2023-02-15,120.11819540202848,156.14295215777355,121.59729535655856,0.013864243625300032,-0.010701284098384334,-0.00604632194630772
2023-02-16,120.91254709579955,154.50694479019816,122.65365175549967,0.006613083813925336,-0.010477625438529481,0.008687334663518342
2023-02-17,122.09910853376924,155.7650356493824,123.85832294111954,0.00981338551266786,0.008142616895910892,0.00982173109710005
2023-02-20,121.33215735801377,155.8151471878213,123.3185481047998,-0.006281382271872582,0.00032171236779787726,-0.004358002139075778
2023-02-21,123.64208803236092,158.82432638945198,126.34560148184993,0.019038074692196094,0.0193124946832246,0.02454661868446295
2023-02-22,122.66249567197282,160.23716272651504,127.31828078188505,-0.007922806675116245,0.008895591558176319,0.007698560841272073
2023-02-23,121.82615390863852,160.2162120285762,126.49494366767351,-0.006818235343677204,-0.00013074805857993255,-0.006466762739453236
2023-02-24,123.67577199074755,164.47158677914214,128.69823400428967,0.015182438440075163,0.02656020072305143,0.017418011129398447
2023-02-27,121.25976671021508,162.17198839372662,126.98969713200829,-0.019534992518285832,-0.013981736483782425,-0.013275526937101878
2023-02-28,122.2845779154078,163.19703429145568,127.8698424577021,0.008451370417376758,0.006320733363892828,0.006930840419115958
2023-03-01,121.30298335034982,162.47245023046762,125.34222165596272,-0.008027132953241312,-0.0044399339983961505,-0.019767137842337634
2023-03-02,123.53676087753536,166.4127897531755,126.88246502146177,0.018414860587013804,0.02425235488920441,0.012288304333129663
2023-03-03,121.77677579221711,164.97097786606005,127.74382978135124,-0.0142466507363177,-0.008664068965215654,0.006788682421513315
2023-03-06,124.9561847534468,169.07152722507445,130.06421602920503,0.02610850008588339,0.024856186294438087,0.018164370457856238
2023-03-07,126.73283941740392,171.06766071438176,129.40784467375047,0.014218221110565032,0.011806443829243785,-0.005046517601022371
2023-03-08,127.76222247914733,169.1392704142921,128.83850706762306,0.008122465072790241,-0.011272675922711861,-0.004399560224210286
2023-03-09,128.09778493190282,167.80484858737864,128.3707216818672,0.0026264606723656048,-0.007889485532513563,-0.0036307886237019193
2023-03-10,127.35344086236509,170.7935427801099,129.70477684457356,-0.005810748951931011,0.01781053538018007,0.010392207391436648
2023-03-13,126.88026275679813,171.90580997116456,129.9574612061386,-0.0037154717011402827,0.006512349196284628,0.0019481500042810573
2023-03-14,127.24283473533018,173.44942394958932,131.3980282372262,0.002857591643130597,0.008979417151076419,0.011084912075979947
2023-03-15,130.58141305682227,176.2089437524366,132.93153049670076,0.02623784929372608,0.015909651009560655,0.011670664164807443
2023-03-16,132.44595541785148,175.5509796572044,135.0691532412532,0.014278773045730997,-0.0037339994282956646,0.016080629904471566
2023-03-17,131.93189467640303,176.43783044258302,134.49410653489392,-0.003881286822437491,0.005051813365612334,-0.004257424382694941
2023-03-20,131.90920790919904,176.31580089808887,134.33228879999433,-0.00017195817023352156,-0.000691629137515748,-0.0012031585551862678
2023-03-21,132.4435977342779,177.2566912612792,133.40714073870285,0.004051194253601231,0.005336392758889419,-0.006887011823858091
2023-03-22,134.47373465810102,178.27442127635103,133.4838903610819,0.015328313021941709,0.005741560489650022,0.000575303705289576
2023-03-23,134.2308894572357,179.4449174734498,133.88387348859962,-0.001805893184143148,0.006565699042625495,0.0029964898868000134
2023-03-24,135.662110421591,178.82087569829878,135.06996638212357,0.010662381588488756,-0.0034776230162292254,0.008859116954253343
2023-03-27,138.65328954536278,181.66477105127595,137.0141439649949,0.022048743856897257,0.01590359817818654,0.014393855532406796
2023-03-28,140.0876097650167,183.0046256441773,137.79009417758513,0.010344653375026214,0.007375423342389054,0.005663285483785252
2023-03-29,138.3577506001833,181.9304334596919,135.68314832930318,-0.012348409454162934,-0.005869754279184236,-0.01529098198863632
2023-03-30,138.63811543600033,183.5445937686205,137.67062396817556,0.0020263760765177885,0.008872404018573476,0.014647918060161524
2023-03-31,137.8048252374874,179.50204744120703,138.26201792417484,-0.0060105418765419305,-0.022024872781105098,0.004295716391435667
2023-04-03,140.12749105321353,182.42999142344308,139.39000386076646,0.016854749546856285,0.01631147958462731,0.00815832108866088
2023-04-04,141.5156637874489,185.39865789917306,140.086720817869,0.009906498173924971,0.01627290804854198,0.0049983279848280215
2023-04-05,143.80482735541537,188.69846065553543,141.2260337010202,0.01617604374456194,0.01779841771107593,0.008132911360188455
2023-04-06,140.51623771993803,186.24118745719667,141.64487514639814,-0.022868423097852975,-0.013022221748933305,0.0029657523786628115
2023-04-07,141.93965503875745,187.91720003290467,141.5985309166102,0.010129913395891199,0.008999151039525977,-0.0003271860682572125
2023-04-10,139.70785503405872,182.67212242415664,138.68794342116792,-0.015723583406549224,-0.02791164197758167,-0.02055520969462865
2023-04-11,142.68073782313374,186.25645468739998,140.46764899935542,0.021279281600524724,0.01962167086951938,0.012832446240715223
2023-04-12,140.7265570509597,182.00810088211273,137.8704400658715,-0.013696177928350872,-0.02280916284172485,-0.018489730211800226
2023-04-13,143.97230775846614,188.5022423756156,142.96572976673755,0.023064237309032398,0.03568050796656097,0.03695708593104974
2023-04-14,143.38656572245193,185.30228009879067,139.59166971744338,-0.004068435417433736,-0.01697572525661828,-0.02360048142166149
2023-04-17,144.35073961813123,184.43990663691042,137.9342872916609,0.006724297292576287,-0.004653873991299462,-0.011873075443092684
2023-04-18,144.72886459437572,184.38315538252826,137.78531893667417,0.002619487626075223,-0.0003076950938490919,-0.0010799951042754774
2023-04-19,147.9616138875972,189.3733075708379,141.05373894470583,0.022336589886763347,0.02706403509559685,0.0237211049279773
2023-04-20,148.0593946362115,190.53225499759674,141.00888908931455,0.0006608521362072572,0.006119909091862441,-0.00031796289645935616
2023-04-21,148.6285169142841,190.3915164516862,140.92579543936662,0.0038438781913903153,-0.0007386599497933855,-0.0005892795162388831
2023-04-24,150.36435965960698,192.28279216379386,140.34620202768417,0.01167906927527218,0.009933613363427352,-0.004112756006630636
2023-04-25,149.51722639486735,191.12066757568752,139.50562083390912,-0.005633870065069657,-0.006043830417837848,-0.005989340513890329
2023-04-26,147.31940435375222,191.61662721853546,136.21081447960802,-0.014699457006450811,0.0025950079033263407,-0.023617731920807628
2023-04-27,146.7861643676687,190.90489652773059,135.85905097046208,-0.0036196181244601,-0.003714347241866145,-0.0025824932512873433
2023-04-28,147.69926728162096,191.00267171779112,137.44898516563177,0.006220633381121221,0.0005121670100605158,0.011702821297606247
2023-05-01,147.6471621423101,191.10818604476418,135.0857045387013,-0.00035277859037385895,0.0005524233039471138,-0.017193874687998822
2023-05-02,146.89811186662038,187.7834457874048,134.24424383357075,-0.005073245329075382,-0.01739716296914995,-0.00622908773362818
2023-05-03,148.6008407629108,188.92465860913035,136.5340932301197,0.011591223839803044,0.006077281290372882,0.017057337664233785
2023-05-04,145.33842745858252,186.11320919902295,133.50530862329924,-0.021954204885915707,-0.01488132587246882,-0.022183357542175486
2023-05-05,144.60594122001112,184.8230740444636,131.4353627018652,-0.005039866271981941,-0.0069319913407098754,-0.015504596354850908
2023-05-08,144.2863391539888,183.29478794713546,130.8271034660462,-0.002210158609846191,-0.008268913961253954,-0.0046278202708559535
2023-05-09,143.100508578892,182.37546167356214,131.4567668006812,-0.00821859215536136,-0.0050155614563272,0.00481294256276521
2023-05-10,144.28556768349983,185.1023620308719,133.07058706344864,0.00828130603012145,0.014952123121643845,0.012276433553354948
2023-05-11,142.3296871615098,185.04383085951432,130.54739706549134,-0.013555621351404867,-0.0003162097485703841,-0.018961290046419
2023-05-12,146.4502177795574,190.54252509806656,133.4550592011618,0.028950605458520906,0.029715631226457262,0.022272846498898602
2023-05-15,147.94057237359172,191.20507872850848,133.78019347928648,0.010176526990746337,0.0034771956029286955,0.002436282896061792
2023-05-16,147.04161555569678,190.64156644814375,133.8403756298455,-0.006076472488052986,-0.0029471616764158437,0.00044985845059608565
2023-05-17,145.8173851789901,190.25721244278552,132.85520262599354,-0.00832574079168058,-0.0020161080949928634,-0.007360805730078024
2023-05-18,144.9258908075105,188.02579810119875,130.104103298898,-0.006113772856270017,-0.01172840867863445,-0.020707501646286985
2023-05-19,142.43118378721104,186.83748012924463,129.86641298108893,-0.017213673874276414,-0.006319973024736414,-0.0018269240691279887
2023-05-22,140.84260568511917,184.07066098061657,128.2325484861414,-0.011153302667660014,-0.014808694415671342,-0.012581116683229254
2023-05-23,141.8667888443273,184.14968345305542,128.42109558695984,0.007271827684712573,0.00042930509412997253,0.0014703529099617807
2023-05-24,142.35013680213936,183.078394256983,127.72411841633733,0.003407055039093443,-0.005817491379753181,-0.005427279431287402
2023-05-25,143.08777461803191,186.20264521703166,128.04346542334216,0.005181855335466556,0.017065099203695366,0.002500287423897962
2023-05-26,146.02854307798177,189.14865691109839,132.56242561054663,0.020552199290261752,0.015821535137876097,0.035292392097197034
2023-05-29,142.1106219253874,186.91926405777787,130.45083092344748,-0.02682983114131421,-0.011786458808260791,-0.01592905891223484
2023-05-30,139.36485191026705,183.922213783782,128.03568760099466,-0.019321356686215596,-0.016033929349676068,-0.018513820919010437
2023-05-31,143.48751300453876,189.06440740301682,130.88620659727786,0.029581785061029375,0.02795852395121745,0.022263472393466044
2023-06-01,141.8497773802756,189.85347941503133,130.83522960969398,-0.011413785004492638,0.0041735619244953615,-0.0003894756285567347
2023-06-02,140.09379826424737,188.67048278041344,128.26041729450358,-0.0123791460829773,-0.006231103260592841,-0.019679808892998807
2023-06-05,143.90574897291071,194.6074626124175,131.67390591392382,0.027209988992326295,0.031467454497977165,0.026613733928390282
2023-06-06,147.19977596382512,198.37389556601778,134.21368093528113,0.02289016953405021,0.01935400062792847,0.01928837003603112
2023-06-07,148.2694945874035,201.22798916254294,136.93525502442327,0.007267121274975752,0.014387445426635503,0.02027791854136307
2023-06-08,146.85266551188528,199.52603920591216,136.2834050923193,-0.009555769239390055,-0.00845781923137956,-0.004760278366500392
2023-06-09,148.92358807552014,202.4887232976309,138.58138656321933,0.014102042727084596,0.014848608750566372,0.016861784964525617
2023-06-12,150.49303241217547,203.72117787174395,138.9644983268061,0.010538587989563197,0.006086534371109176,0.0027645254033592526
2023-06-13,151.3706630702325,203.34226843855538,136.00879019042424,0.005831702929962601,-0.0018599413038300483,-0.02126951971165225
2023-06-14,147.31689405076642,203.69737820466364,133.24966167387555,-0.026780413966907335,0.0017463647319129194,-0.020286398494433033
2023-06-15,145.9723048048494,202.1164521629512,130.43214900762288,-0.009127189753631915,-0.007761150662057181,-0.021144614033981157
2023-06-16,149.5870396604201,204.97210123375825,131.16094483063574,0.024763155314997842,0.014128731433029396,0.00558754746094281
2023-06-19,148.10005500242568,202.69970813424308,128.40557048926755,-0.009940598205366191,-0.011086353146780858,-0.021007582286984405
2023-06-20,148.0485396838464,204.89085522631018,129.9726769376987,-0.00034784131969722853,0.010809818683191974,0.012204349409920212
2023-06-21,145.73240428809135,204.97901673578366,128.34891891371663,-0.01564443256719117,0.00043028523345323144,-0.01249307209976458
2023-06-22,148.85546050108874,206.67881168524536,129.06174368703336,0.021430074033662372,0.008292531482150256,0.005553804265355122
2023-06-23,146.53222043727814,203.09398538715206,125.5619548378395,-0.015607355323008831,-0.01734491440541419,-0.027117166940504367
2023-06-26,147.77989485737183,206.42208411655574,125.8663654776124,0.008514676269631316,0.016386988137828906,0.00242438595485428
2023-06-27,147.75855933250338,208.6367088330373,124.25135234766115,-0.0001443736638806481,0.010728622986051484,-0.012831173155933517
2023-06-28,147.5169881049592,212.03313734130566,124.32923271160723,-0.0016349051360237121,0.016279151100808464,0.0006267969118611827
2023-06-29,147.63443068115154,214.46263642159434,127.1563903688743,0.0007961291624851707,0.011458110325359039,0.022739283397854804
2023-06-30,148.5630586521394,215.04354208525447,125.94095257794709,0.006290050137379044,0.0027086567308542975,-0.0095586056461755
2023-07-03,150.4155500578882,217.24417848301005,126.43094029895853,0.012469394629834651,0.010233445638107685,0.003890614696662631
2023-07-04,148.06761948385784,216.21401236274488,124.66130713594985,-0.01560962661856935,-0.004741973421146128,-0.013996836208163943
2023-07-05,149.5753505866574,218.0803958520366,125.27725119515625,0.010182719949542562,0.008632111623553929,0.004940940163050689
2023-07-06,150.27250564790185,219.56168753167535,125.27597326112996,0.004660895384901886,0.006792410999858056,-1.0200846634944583e-05
2023-07-07,149.64540441625869,218.01852933764908,124.44348117011319,-0.004173093600452149,-0.007028358232142096,-0.006645265403618095
2023-07-10,151.16213137809686,218.53471654964474,125.09465477544566,0.010135473038779041,0.0023676300063295574,0.005232685546961768
2023-07-11,151.0438915010306,218.40585895898892,126.75973387136143,-0.0007822056753784556,-0.0005896435710092129,0.013310553507699607
2023-07-12,155.03840348931857,222.47429626948824,127.89711915170263,0.026446034649873384,0.018627876238719754,0.008972764817378298
2023-07-13,155.6294503576436,219.86690414125815,127.9710484438678,0.0038122610593429584,-0.011719970225556708,0.000578037196267811
2023-07-14,154.90731328267387,220.03496950436818,127.693288222273,-0.004640105541144246,0.0007643959138208256,-0.002170492661991763
2023-07-17,154.96266900723475,221.844604968534,127.92028002478082,0.00035734739301740426,0.008224308473521402,0.0017776329959700021
2023-07-18,154.4361888119305,222.63376485139096,127.03027369779534,-0.00339746468408908,0.0035572642524659415,-0.006957507650961037
2023-07-19,157.07379881174467,225.8884201355945,129.81021756435948,0.01707896329289893,0.014618875471903436,0.0218841051478611
2023-07-20,157.37117555401701,224.11418290690807,129.55330478315844,0.0018932294534288463,-0.00785448509322162,-0.001979141442187804
2023-07-21,156.94274001008927,222.73568162755532,128.85657052809293,-0.0027224524594129385,-0.006150888183303227,-0.005377973616587206
2023-07-24,159.93685628027464,222.0771599860375,129.64882750734103,0.019077762182518887,-0.002956516157204603,0.00614836306756561
2023-07-25,161.48786849353206,223.4196863755826,131.05095565415036,0.009697653494822989,0.006045315014067576,0.010814815480918671
2023-07-26,165.25060850903674,226.34165839475324,133.60297559374493,0.023300450062323952,0.013078399968114773,0.019473493549558407
2023-07-27,168.17954843757775,227.9413356370714,136.17524534207166,0.017724230821097642,0.007067533452141728,0.019253087267669722
2023-07-28,171.9551869385269,229.30749859942833,139.1483914860064,0.022450045418872966,0.005993484940055582,0.021833235082237
2023-07-31,173.27617141901598,227.45992504618832,139.4209000410576,0.007682143842286715,-0.008057187682586342,0.001958402480553234
2023-08-01,172.50847181813558,228.02096821404848,139.88448950318372,-0.004430497249526377,0.0024665583080019093,0.0033251073690501176
2023-08-02,171.99181267303558,227.0989411998635,138.45243151707896,-0.0029949783894942517,-0.004043606258699151,-0.010237432264226576
2023-08-03,172.4167500199647,227.6069071553091,137.28674515871322,0.002470683576880184,0.0022367605624304954,-0.008419399685457685
2023-08-04,177.4703013103865,232.89661690491891,138.24341822744626,0.029310094812926568,0.023240550191213405,0.006968429964794076
2023-08-07,175.94594169475914,232.1274046514553,138.79871375719176,-0.008589378641789436,-0.0033028056125763428,0.004016795424082398
2023-08-08,177.83444913155526,233.1228495985815,139.51848783221155,0.010733452665094179,0.004288355994075177,0.005185740238767167
2023-08-09,178.53077559458114,232.23385733737655,139.05266489914047,0.00391558815756099,-0.0038134068056208115,-0.0033387900077536115
2023-08-10,175.41923594141892,230.28771421590625,137.36851410851622,-0.01742858979242945,-0.008380100747510943,-0.01211160384337695
2023-08-11,173.044637725746,225.75251421749942,137.09346988754908,-0.01353670367408244,-0.019693625488656497,-0.0020022362675472527
2023-08-14,174.05647561850935,230.21835717260052,137.74820569217542,0.00584726522625334,0.019782029762018594,0.0047758350938478245
2023-08-15,173.07980397444786,227.67289541121443,136.6604573696008,-0.005611234173223956,-0.011056728023985052,-0.007896642407127952
2023-08-16,176.8210204103626,230.8770554639758,137.95827827993966,0.021615557390318507,0.014073524417450578,0.00949668203457632
2023-08-17,176.6537671434539,224.01373194713065,136.2874998355919,-0.0009458901804804132,-0.029727178835733392,-0.012110751635777128
2023-08-18,176.0174619825969,223.9451944694094,133.95617364641114,-0.0036019903291407696,-0.00030595212679840333,-0.017105942892731152
2023-08-21,177.198358695458,227.82879896630445,134.00740054397312,0.006708974777615451,0.01734176304205337,0.00038241535397376403
2023-08-22,173.61315409656325,222.32694309778523,131.22754997010807,-0.02023271900083723,-0.024149079894561276,-0.02074400788748132
2023-08-23,173.64041067592052,222.9237789071855,132.45793664762238,0.000156996049631708,0.0026844960897867143,0.009375978426744869
2023-08-24,174.3089420719333,222.5778917549317,132.44655674805756,0.003850091078513529,-0.0015515937956435133,-8.591330842699918e-05
2023-08-25,174.94495791967597,226.33393292928443,131.64910403623495,0.003648784968703467,0.01687517634720126,-0.006020939550278714
2023-08-28,176.29316479239833,227.82196302990516,131.27384301913824,0.0077064631570655795,0.006574489655007509,-0.002850463889168764
2023-08-29,177.6398670874562,229.1483320343386,129.91156729274977,0.007638993245391745,0.005821954067963819,-0.010377358467290931
2023-08-30,179.80563864995526,231.2326815255222,131.8506099433749,0.012191922894384977,0.009096070971492898,0.014925866041286318
2023-08-31,181.9437213158553,233.98024463969898,134.67758010298206,0.011891076842492465,0.0118822438768178,0.02144070596883285
2023-09-01,180.46301340507958,232.0695287760398,132.97276195939855,-0.008138274297496695,-0.008166141832193774,-0.01265851481946667
2023-09-04,182.1946585996474,233.3552199818795,134.30711503892104,0.009595568431969292,0.0055401121061458,0.010034785018076864
2023-09-05,180.51522891310063,230.88029177873247,133.77474309710317,-0.009217776741946793,-0.010605840329345084,-0.003963840200599922
2023-09-06,180.55901091766302,229.2330775584204,134.28961131103802,0.00024253911886540358,-0.00713449470988492,0.0038487699696878597
2023-09-07,179.90436060655787,232.91243343856124,136.76388977890156,-0.0036256861830267217,0.01605071972740557,0.018424943252927317
2023-09-08,178.28796956682194,234.6315798865986,135.70937383883023,-0.008984724073869965,0.007381084910998759,-0.0077104851417731934
2023-09-11,176.7129556303903,232.97413322502712,133.95862462431245,-0.008834101034738251,-0.00706403913050635,-0.012900724283032905
2023-09-12,173.32598742570897,230.50725315113704,130.8684851524822,-0.01916649626847644,-0.010588643639280582,-0.02306786502546254
2023-09-13,172.99042016727702,229.18769687266,130.88624840602975,-0.0019360470026215104,-0.005724575953416244,0.00013573362239838183
2023-09-14,171.0423046376915,226.04036585787463,129.6541896904736,-0.011261407005669688,-0.01373254785370992,-0.009413202155004963
2023-09-15,171.6181074283585,226.71816502458535,130.2171609300935,0.003366434940681451,0.002998575781534951,0.004342098322961396
2023-09-18,171.5670719150731,224.94111125508493,130.29154838946351,-0.000297378371374557,-0.007838162280943473,0.0005712569590572425
2023-09-19,170.80532120481422,225.7453396664848,130.24058378471938,-0.004439958680625744,0.003575284246230437,-0.00039115817851664847
2023-09-20,169.90192747112016,224.41054946857088,131.83074742158138,-0.005289025700849215,-0.005912813969430886,0.012209432656494101
2023-09-21,170.81222960655106,224.90361664503294,133.5633815926392,0.005357809349076481,0.0021971657643979903,0.013142868450233491
2023-09-22,172.8159616438027,222.2374626012752,133.30519913853988,0.0117306122744667,-0.011854651710495823,-0.0019330332237824654
2023-09-25,171.69832651002662,222.4463846087087,132.46238082978917,-0.006467198533892771,0.0009400845608480424,-0.006322471397944507
2023-09-26,171.76443233555707,220.65438012161653,132.32021304248897,0.00038501147258762636,-0.008055893964041605,-0.0010732691531709637
2023-09-27,169.3044400105435,217.41439582071104,129.8874792963974,-0.014321895933657403,-0.014683525879340076,-0.018385201248961147
2023-09-28,164.57649438758153,209.93035710095862,124.81025972247136,-0.027925703677160074,-0.034422921681433016,-0.039089368747699305
2023-09-29,164.76485669757176,212.38811694768677,126.57413085138079,0.0011445274168171427,0.011707500909676316,0.014132420947056579
2023-10-02,165.67020657491042,213.33746031638518,127.19590130097653,0.0054947996525767095,0.0044698516204286776,0.004912302738430796
2023-10-03,164.11848818804827,212.85082571312293,125.22391521511791,-0.009366309241369275,-0.002281055575240054,-0.015503534828472332
2023-10-04,164.0269802887723,211.45867328505824,125.12536337044442,-0.0005575721558629398,-0.00654050752869062,-0.0007870049782758848
2023-10-05,166.61651017534857,213.4036594052388,126.08733021006712,0.01578721916368475,0.009197949130980376,0.007688024343831312
2023-10-06,166.26987049394268,215.22348916772054,127.81182379113088,-0.002080464181137165,0.008527640845305218,0.013676977521775324
2023-10-09,164.89158155278528,212.19265008043618,127.60960828125525,-0.008289469024441276,-0.014082287667599669,-0.0015821346091272614
2023-10-10,158.4480465059493,206.7978311119297,122.30734356127482,-0.039077404596142284,-0.025424155673919202,-0.04155066998006984
2023-10-11,159.54322316513768,209.96860353304615,122.62476117373554,0.0069118975168132035,0.015332716035112881,0.0025952457409206264
2023-10-12,159.04817315552816,211.95532859781477,123.29505935785899,-0.0031029209501246546,0.009462010183136416,0.005466254757257039
2023-10-13,159.1121867037769,211.07604211295356,123.59102950517176,0.00040247899097933804,-0.004148451896341165,0.0024005028981228804
2023-10-16,156.67342917369683,208.76008807063542,123.94863785667157,-0.015327283098813593,-0.010972131271434371,0.002893481451943458
2023-10-17,155.33404129892727,210.67157709618724,122.8376209090823,-0.008548915293636883,0.009156391162783217,-0.008963526883401407
2023-10-18,158.7542150506766,215.57446539332688,125.71579233582857,0.022018185602777685,0.023272661479631473,0.023430699857631687
2023-10-19,161.00017626311543,214.44486688244012,127.0264826680084,0.014147411529967124,-0.0052399457831229235,0.0104258208760164
2023-10-20,159.39912993934396,214.02089825467723,125.11074871909922,-0.009944376217048023,-0.001977051882502301,-0.015081374439974593
2023-10-23,160.4228039246632,214.77680461124763,123.89220566242885,0.006422080131232688,0.0035319277824490403,-0.009739715165531182
2023-10-24,160.9318013500974,215.42783665581854,124.08706650939992,0.003172849576131398,0.0030312027676793196,0.0015728257151381708
2023-10-25,162.22540384934564,218.45173953731756,125.3430401296465,0.008038203067360694,0.014036732338960523,0.010121712565035468
2023-10-26,162.0241001275757,216.98690611813828,125.95808868169054,-0.0012408890161055286,-0.006705524168778898,0.0049069222464037665
2023-10-27,162.06090784613642,218.12807852925312,126.7505002195777,0.00022717434339547538,0.005259176378566988,0.006291073055972429
2023-10-30,160.1734529407128,216.50087711822064,126.22735648170278,-0.01164657739185082,-0.007459843877065331,-0.004127350479632419
2023-10-31,158.45241014856123,211.47741258447178,125.82529546429313,-0.010744869143756275,-0.02320297543647265,-0.003185213004662235
2023-11-01,160.1681897650699,213.89257140199553,127.34742026081743,0.01082835922091685,0.011420410284048943,0.01209712872842994
2023-11-02,160.6279257060207,215.71901613432982,126.53081073915816,0.002870332377640672,0.008539075108418004,-0.0064124543707818615
2023-11-03,159.84374571660473,216.29972695595106,126.41286725365757,-0.004881965486195572,0.002691977888771957,-0.0009321325360328592
2023-11-06,160.44591346899114,219.67614692469363,127.89707083185202,0.0037672274863604915,0.015609913226705796,0.011740921715004626
2023-11-07,159.56305930072116,217.4574150658537,129.15547541877982,-0.005502503299597006,-0.010100012631778954,0.009839197870154859
2023-11-08,159.97899498846846,216.7789574068399,128.0161837224737,0.002606716677219012,-0.003119956423690229,-0.008821087086025803
2023-11-09,164.2627619155419,219.22464947998944,129.7711716326794,0.02677705862186608,0.011281962522587285,0.013709109732643832
2023-11-10,166.40784140126632,222.35544854425208,131.5843433515571,0.01305883001545638,0.014281236492744043,0.013972068650269565
2023-11-13,167.38825477733587,224.67547811870267,134.06391781609574,0.005891629672098331,0.010433877782800804,0.01884399314828733
2023-11-14,167.433984965783,228.151752421083,136.13933857417302,0.0002731983107653324,0.015472424189273193,0.015480830277720736
2023-11-15,166.79229594502277,228.36743300357156,134.1251869562378,-0.0038324896877498515,0.0009453382680599809,-0.014794780399479124
2023-11-16,167.69272561617782,230.02377538922914,136.332317679869,0.005398508762370247,0.007252971073295145,0.016455751329922386
2023-11-17,169.4275202249172,232.89244663209678,138.76924243573822,0.010345079682884117,0.012471194501583405,0.01787488687452332
2023-11-20,175.9526502613864,239.70570648097095,142.54106199377046,0.03851281083384217,0.029254962740965063,0.0271805155942888
2023-11-21,174.9135486413362,237.78291478989942,142.75245998193404,-0.005905575269861241,-0.008021468154844169,0.001483067301496721
2023-11-22,172.20485668659296,239.46964172779545,140.99293114833534,-0.015485889891225457,0.007093558170007341,-0.012325733888028045
2023-11-23,171.54216923372633,239.04272102473638,141.09887418664943,-0.0038482506569063046,-0.0017827758874936483,0.0007514067368570299
2023-11-24,170.57286170706928,236.0603668842763,139.51923241693183,-0.005650549547011718,-0.012476239090967622,-0.011195282590476308
