date,jet_fuel_spot,brent_proxy,ulsd_proxy
2021-01-01,98.92117846010922,99.96455159838227,99.95111082952646
2021-01-04,97.28906979700785,100.08046156156438,97.95727692151314
2021-01-05,97.01790345806674,100.1008685640508,97.78833659220476
2021-01-06,98.2346957973288,100.59073556097971,99.38767165099743
2021-01-07,98.58032112634646,99.8381154473611,99.61670721533575
2021-01-08,100.11263757448967,101.03359444286455,100.3238025361014
2021-01-11,99.11113803255122,99.98289470621327,99.06535592740768
2021-01-12,100.6036311854438,100.30877898200654,99.98395578675496
2021-01-13,100.81149626755929,100.93454754046822,100.84985035563557
2021-01-14,100.46020218065519,100.16165322855686,100.62049326672124
2021-01-15,97.8748419075876,97.76598625086675,97.49314428159367
2021-01-18,98.82024551945611,98.23871014913745,99.20288615397449
2021-01-19,98.82786089827245,99.02928398474823,98.91700702199947
2021-01-20,98.26863325648553,97.71723711636197,98.38472897779167
2021-01-21,99.16484114020942,98.44128762281724,99.36916188700316
2021-01-22,99.28090427675207,97.69755409884249,99.25522100853979
2021-01-25,98.4373377822149,96.75927949542441,98.5220367014494
2021-01-26,97.11510680076407,96.779211439864,97.47883303232602
2021-01-27,97.47247476883973,97.77536682959922,97.95520544488339
2021-01-28,95.05854866221209,96.106591184322,96.4603596478481
2021-01-29,96.83140891562564,98.3747211396542,98.77251905068705
2021-02-01,96.26878903117183,97.10715671179268,98.4525598368242
2021-02-02,96.22574514414205,97.5867968206738,99.36054516982065
2021-02-03,96.21047645163073,98.76447836419243,98.99904198772165
2021-02-04,97.50524704322558,99.68430790613601,100.35964978966196
2021-02-05,96.46873012512373,98.99191106889698,99.51205230102687
2021-02-08,95.48502529074977,98.25487110985432,98.91641404088038
2021-02-09,96.22022468431052,99.40093984609271,99.61572870883015
2021-02-10,98.02266637889049,100.84677761139254,101.04196492135533
2021-02-11,98.1271315166161,100.49505790169688,101.30612212740526
2021-02-12,97.4451971515936,99.80927803292367,100.1979860769161
2021-02-15,97.19711287841095,101.15756930303989,99.50160211867815
2021-02-16,98.18838580591141,103.34680068939375,101.48413470922688
2021-02-17,98.71373437069492,104.44948555892368,103.43447515745933
2021-02-18,99.81154879681769,104.81069150905998,103.49391438203315
2021-02-19,99.72608534388567,105.70951228162477,103.57809895930762
2021-02-22,97.77971027972015,105.38968376134672,102.57867971677103
2021-02-23,97.67695464245439,105.78783155803674,101.48239752557198
2021-02-24,97.29363351415084,105.93378635142376,101.50453479714176
2021-02-25,98.12970035104541,105.1355759193456,101.45017524923487
2021-02-26,99.39712984074313,106.40824724745559,103.01516276283031
2021-03-01,98.09121763597223,104.03843725450604,101.3900347709952
2021-03-02,96.02489028967194,102.88624627715235,99.04214782079305
2021-03-03,97.36168629959793,104.7193721241071,99.58443048750344
2021-03-04,96.97620384691625,104.38468427165782,97.99667986288644
2021-03-05,98.09574085700858,105.40211910864232,99.82304494213095
2021-03-08,97.02651183245511,101.12284571263028,97.52972598492778
2021-03-09,97.12131777214373,103.49233792502133,98.90479865028199
2021-03-10,98.0930967541648,104.99313626102959,99.68625432870503
2021-03-11,98.75035726844355,104.60124003999267,100.03205045400547
2021-03-12,98.97740280442515,105.83403460039513,99.35649474250575
2021-03-15,99.01659157186957,106.08425897884584,100.95358644230026
2021-03-16,99.51527279990283,105.53548621606208,100.58662298147327
2021-03-17,100.72895326392388,107.91375937534715,101.80659220950321
2021-03-18,97.54436981159421,105.21479666426241,99.33285161405696
2021-03-19,98.97301544626555,105.8744971711244,100.8228017233544
2021-03-22,99.36725909287311,106.30949334248585,100.71690046395476
2021-03-23,99.01256163698163,106.28955108312212,99.48015974273474
2021-03-24,100.17474301355934,107.56787781347721,102.07851277573803
2021-03-25,99.85948725202408,107.35599352374543,102.02744477404424
2021-03-26,98.54877864412248,105.56827049284223,100.06225297135023
2021-03-29,97.003646698577,103.46272182969665,99.40708574477381
2021-03-30,96.64403546101006,104.23845254462896,98.42751896091502
2021-03-31,95.61052945451249,101.21305862395296,96.26614304189833
2021-04-01,97.1003040626649,101.2713051565974,96.30310022243884
2021-04-02,98.61185611363645,102.24389486991379,97.3297567950204
2021-04-05,98.46081862521655,102.27109051003738,97.52263170409076
2021-04-06,96.67164165229343,100.23557785250628,96.03025688061597
2021-04-07,99.36102752405456,103.2020516087695,98.32179892065605
2021-04-08,100.53494669836225,105.42416146912437,99.76583085571527
2021-04-09,98.79934660970245,104.89576048676301,98.5147919023586
2021-04-12,98.93795383685867,105.48893241889748,99.6867313440371
2021-04-13,99.012429012356,104.11255934307766,98.97108092080671
2021-04-14,99.6908190418657,105.1344623742244,100.04607625347117
2021-04-15,98.94909481032205,105.47012049623154,99.82682836977058
2021-04-16,99.34347913684412,103.36301372338437,100.6350939579475
2021-04-19,100.71457205769296,105.07308695407025,101.04528608512207
2021-04-20,101.24031377187457,105.41591469623542,102.53377400490555
2021-04-21,102.51687290833654,107.37028579654016,102.39786751249751
2021-04-22,102.38023106454328,108.3443044399409,102.31550981066077
2021-04-23,104.01575947711086,110.1442772425596,102.61829856312481
2021-04-26,107.44145723430935,111.44101397946295,104.10952421343791
2021-04-27,108.9021419921979,111.2030000414026,107.38619787040531
2021-04-28,110.16973236271797,113.04360871761882,109.3017925046067
2021-04-29,107.47778227904332,111.18384283234424,106.61581209585982
2021-04-30,106.84890796560495,109.95496928483566,105.34235874506885
2021-05-03,106.41037293340516,111.00520476691365,105.35976720059163
2021-05-04,107.08606273259107,111.43822951808554,105.47340196131567
2021-05-05,106.9802083382781,110.17440581610765,104.96273216504449
2021-05-06,106.57998377250352,109.66766600348978,104.49225577358996
2021-05-07,107.74075717166664,110.57279180063104,105.50511013249366
2021-05-10,105.75627150027303,106.67939686644827,102.866269199769
2021-05-11,105.79415701329908,108.04838737260813,104.54645199332957
2021-05-12,106.30550913153168,107.9147483151805,103.28703742254308
2021-05-13,105.74208355298408,106.70032262862004,101.4608193931721
2021-05-14,106.49380397397958,107.22107071927589,102.17504228503451
2021-05-17,106.92718805963595,107.77619740363103,102.46545830581863
2021-05-18,108.38571856253769,107.4791736461603,100.99893274969025
2021-05-19,108.71816534563116,107.65727289978759,101.51128401932755
2021-05-20,108.19201518699144,109.07727037978003,102.13610400141823
2021-05-21,104.90715936769908,107.28285188165655,100.17583495301481
2021-05-24,105.66404646900442,108.08313501517637,100.09602899296597
2021-05-25,106.60306854864956,107.70764579658704,100.94008463934642
2021-05-26,104.87708035587877,104.59778811472695,98.90567623298183
2021-05-27,102.66905237346022,101.84297251945131,97.05837209535345
2021-05-28,103.32057575206753,102.40249088199916,97.12361550088333
2021-05-31,101.28366075741346,101.52405244687017,96.1905681018419
2021-06-01,101.88873177605214,101.00603555372936,96.89163248180014
2021-06-02,100.53809996163527,98.6957512475081,93.82326930734503
2021-06-03,100.23066951293976,99.51991598419612,93.62706174837474
2021-06-04,98.95982306527486,97.46683461464552,91.45080022200747
2021-06-07,100.60113477174666,99.06371518653188,92.15478292013329
2021-06-08,101.23885877006393,99.50507087995659,93.58944595852579
2021-06-09,99.30753304231804,99.81907908460231,92.8897315687686
2021-06-10,98.95004459873678,99.1364020273715,93.61993500291325
2021-06-11,100.999807608338,102.00033832124353,96.5606309261769
2021-06-14,103.60498431929943,103.26670136948586,98.92988724680686
2021-06-15,102.03096087618913,102.24822197863625,98.213430076692
2021-06-16,100.78660991761419,100.68565033135614,96.95571930114392
2021-06-17,100.10507125564297,100.83185748630345,96.51172301056789
2021-06-18,100.19244212851368,100.60523282623801,97.25400795201121
2021-06-21,100.98321687696219,101.70378932040578,99.43417742014948
2021-06-22,101.4492678566261,103.0873814339185,100.52955684125592
2021-06-23,100.0356576175583,101.64190831174184,100.09870319385135
2021-06-24,99.2660851449546,99.97484751931351,99.29303698992834
2021-06-25,97.03624536831313,97.61413105912969,95.23613175509395
2021-06-28,94.94949395027858,95.82129649233305,93.24599642294562
2021-06-29,93.11082079905091,95.29417712675766,90.96977108656975
2021-06-30,94.46019759173402,97.59873849359471,93.16078351079136
2021-07-01,94.4255152665488,97.16742069764331,91.86245189496712
2021-07-02,97.29526771443325,100.23506215557984,94.57214123181991
2021-07-05,97.07100519629441,99.27408574198408,94.1074843257182
2021-07-06,96.15582973147731,98.07761367819874,93.43339860743464
2021-07-07,96.85954240650425,99.04069282268078,94.4390214344839
2021-07-08,95.58738569733751,98.08113971532907,93.65402019039603
2021-07-09,95.61827491088991,98.29518696674113,94.41336008412743
2021-07-12,97.8067152989249,101.93279222694403,96.21571477980727
2021-07-13,100.06822422280841,105.25036819231279,99.67922100195253
2021-07-14,100.19742903375086,105.26937052760248,100.66359575085033
2021-07-15,98.17880743550704,103.18055658416839,99.5879454878366
2021-07-16,97.87329477648602,103.67203345081666,99.14271405041953
2021-07-19,99.34635950296388,106.27600625655455,100.94260689316272
2021-07-20,99.66645157873289,104.64834144016935,99.24399419932321
2021-07-21,98.57004695450709,104.56441999027537,98.93593364897004
2021-07-22,97.59034751104556,105.49391911914685,99.52653997628279
2021-07-23,98.40152294276166,106.92229474852945,99.78878887306833
2021-07-26,99.47472727874752,107.6749421767953,100.62180065929718
2021-07-27,98.87463491974073,106.69039489420216,100.9043434057173
2021-07-28,98.27075325819852,107.70402296969144,101.88813586793854
2021-07-29,99.11185696065056,107.48015851266995,102.62819867348303
2021-07-30,98.86411958537093,106.97201147545763,103.89635740072158
2021-08-02,96.41861446316736,104.07413461890687,101.12950482227974
2021-08-03,94.70406181661059,103.00830467327143,99.8239276903549
2021-08-04,95.14826169935358,103.11743868329498,99.46755569770454
2021-08-05,96.37587219031396,106.69636017612636,100.96809684494377
2021-08-06,96.21858277587792,106.99437176588589,102.63104635756078
2021-08-09,94.41552557863876,105.91624871707666,101.26740798946001
2021-08-10,94.71938489767398,106.60390170126672,101.93504026294897
2021-08-11,93.57093261525038,105.67390885558856,101.65128161345636
2021-08-12,94.13919865645455,106.57347132911426,104.65694358272384
2021-08-13,94.54219922394249,105.49717249039514,104.48709015129197
2021-08-16,93.92691126202999,104.80362300759138,103.60011110951235
2021-08-17,95.29177038133065,105.88736222571595,104.28389371853855
2021-08-18,94.94581682547609,104.32982559199218,103.62370843915501
2021-08-19,95.60226164082864,104.58159178485067,103.9068700823451
2021-08-20,93.80428373784709,104.39284051073341,102.35780524464025
2021-08-23,95.0139775826541,107.59062788065268,105.84718528731116
2021-08-24,94.1206090704815,107.16342736599141,103.7523705565167
2021-08-25,96.5976258882794,111.0176850739997,109.3574052159305
2021-08-26,95.7139615230535,110.6014956567278,108.97536732695228
2021-08-27,97.39224706315662,113.02936409860934,111.36914203748864
2021-08-30,97.79137598088032,112.63132470311609,111.76676783807575
2021-08-31,96.4331962941214,111.8213642983366,111.26743127479537
2021-09-01,94.38593105108365,110.2924037567487,108.31965781720739
2021-09-02,92.40571940319167,108.14576255904551,107.17212638684599
2021-09-03,93.550385912479,107.95877400408529,107.98935357279427
2021-09-06,94.1033554461523,106.87025777443804,107.51691794661924
2021-09-07,94.86369631554282,108.32890783612102,109.15269349216929
2021-09-08,97.16672728249222,110.3682206155854,111.23882635924905
2021-09-09,94.9660161808598,110.30415341404975,108.98236289281245
2021-09-10,96.4839152555448,113.16942739146849,111.62318467754505
2021-09-13,96.64557167243939,113.6485538578792,111.81533930824168
2021-09-14,95.74791520687582,113.75198499995113,111.89036544463329
2021-09-15,95.02173432415161,112.4270300766064,111.25892014467765
2021-09-16,95.67767400681335,110.89761132334772,110.89726883412678
2021-09-17,96.01140377438526,112.07969170120397,110.75228073360552
2021-09-20,97.09158706497412,114.46152760240906,112.57076785574765
2021-09-21,96.97761986688826,114.18117276549853,111.64907420011086
2021-09-22,96.34574078562463,112.50474578869986,110.27179787163979
2021-09-23,97.33848358771937,113.11851718060855,111.41401289970756
2021-09-24,98.97116147142793,115.25180564327667,113.79581229700626
2021-09-27,100.6253168568265,116.9440359421692,114.362431674922
2021-09-28,99.71966465691233,114.30979817938136,112.26057963342333
2021-09-29,98.49607725667019,115.52754561127601,110.94303624020714
2021-09-30,98.1374153797038,116.41574893001636,111.76757522135668
2021-10-01,95.5153284352738,114.38181222011139,108.28332475008553
2021-10-04,96.38486588889636,113.4802007651654,107.365707381434
2021-10-05,97.47587454624316,112.56748898287326,106.2105089770037
2021-10-06,98.97857557579623,114.8735975560309,107.78032482587243
2021-10-07,98.69143911444495,114.0626083149017,105.66435786121203
2021-10-08,97.44012151440025,113.29640543709635,105.62140281679469
2021-10-11,97.73855251081943,114.46015281147905,106.81412762291069
2021-10-12,97.58505216774049,113.58116584749267,104.84627161310895
2021-10-13,96.41649667186967,113.34109987802752,104.18679975914597
2021-10-14,98.57729625899118,115.45135261381157,105.81779534502192
2021-10-15,100.41950983223806,116.91930371412144,107.86686901166236
2021-10-18,102.05345009536464,117.1472386569835,108.61928399142155
2021-10-19,102.36986736941908,117.14707072951369,108.26410014381355
2021-10-20,101.67766085423895,116.89451949802051,107.3459247876777
2021-10-21,100.278694418608,116.17994928435662,104.05074060614852
2021-10-22,99.72546014917421,112.45985291613192,101.74180991823359
2021-10-25,102.05213404289437,115.60954132275208,104.29753825029427
2021-10-26,101.57473263115382,116.40525431897899,104.84990709481343
2021-10-27,100.0055046224409,116.3147673887708,104.43732087392857
2021-10-28,97.75995719609912,113.28207006233657,101.43278796565085
2021-10-29,98.7758701288618,113.65564664801664,100.77474224452916
2021-11-01,97.85432376237385,113.13703645775757,101.52313622651836
2021-11-02,99.22701959564493,112.77702073666572,101.28702135737979
2021-11-03,98.96892404921248,112.00945515713565,100.07364575838716
2021-11-04,99.46826308207761,111.18365912799604,99.74780269042465
2021-11-05,101.82731440346511,113.94264917961804,101.60476531997766
2021-11-08,102.77662128640542,115.01317023831584,101.19920537830815
2021-11-09,105.25014002224869,117.34161972733344,103.2039411566108
2021-11-10,108.92134842408447,120.77294132766706,107.06341240611346
2021-11-11,108.9066018920175,122.48040949240364,108.52938736608971
2021-11-12,109.60207222410388,120.36601793258517,108.40134536460737
2021-11-15,108.75166184861233,119.64450509999003,108.30877986059566
2021-11-16,108.7970767485534,118.11012901859188,107.19665270989576
2021-11-17,108.87633519872696,118.85708962143457,108.27367781146222
2021-11-18,106.8471759396666,116.9913189206705,105.8705857356436
2021-11-19,106.02733404121952,116.40800245455307,105.95581352997377
2021-11-22,108.80810739663163,120.62214314789273,108.77458642284023
2021-11-23,111.72570336244836,125.22840147977408,111.68793882282
2021-11-24,112.72264968629034,124.95493074861726,111.93603885046188
2021-11-25,113.76425611317087,126.36751722697277,114.15033702148168
2021-11-26,114.43535201292508,128.4157050473317,115.98003460876616
2021-11-29,115.13999090001113,128.39672627155227,116.38351596659456
2021-11-30,113.62274871367424,127.93367309845505,115.24803992734296
2021-12-01,113.81619575827324,129.610805169264,114.60653919246812
2021-12-02,113.0676549828141,129.05058994360462,112.95726687015512
2021-12-03,114.66107557995424,129.24239432743934,111.86312323218002
2021-12-06,115.7355490847116,131.93595222013508,114.99498452829626
2021-12-07,116.2125161104868,131.348327225463,113.95074410997977
2021-12-08,118.06435213487312,132.9772581380157,115.77673775348649
2021-12-09,117.10357071590009,132.0966913957967,115.1035748748578
2021-12-10,117.06112422198882,131.0718331337083,115.4088183150072
2021-12-13,117.73837678868453,135.07376508984342,118.481114550265
2021-12-14,116.17669420727611,134.35276992315494,115.44730662464562
2021-12-15,115.94824912135022,132.97839571388172,116.45016511257285
2021-12-16,115.36429500017779,132.6657940790997,115.11355541848101
2021-12-17,115.57139506701768,133.2151085902835,114.50362865437789
2021-12-20,113.35746355431723,128.21921301052177,112.15282558935805
2021-12-21,114.90891908410066,129.02063888906838,114.00877914510892
2021-12-22,114.79787250592264,127.29915539952741,113.79647344629782
2021-12-23,114.0370127936079,125.59825750517919,112.92322742629892
2021-12-24,116.80361266836653,128.6902118817195,115.38033729743272
2021-12-27,118.99708570597079,129.20224432889222,118.57376612899797
2021-12-28,116.74122679990634,126.3802313949237,117.2729392429762
2021-12-29,117.26578342683536,126.60562370671356,116.6310277457478
2021-12-30,117.23951270550216,126.35717797362163,115.25755076736797
2021-12-31,116.64435127128452,125.95053160061471,116.4394430576251
2022-01-03,115.33501684591624,124.44108262613133,115.21608578121685
2022-01-04,115.57478061090369,124.86352720251956,114.52012375297636
2022-01-05,115.84152077369892,126.00361087780882,114.00088691837753
2022-01-06,116.01661525568063,125.51262485931936,112.22047213704948
2022-01-07,116.40244770695034,124.77644204034402,113.10553687948219
2022-01-10,115.31818867894945,123.39195270645067,111.08862902865117
2022-01-11,116.92955098673141,124.82878155223898,112.99619579224218
2022-01-12,115.81869780536611,122.14878208395344,111.05413936573851
2022-01-13,117.34322020822432,124.2954537837484,113.07610379550157
2022-01-14,117.23622816173244,124.9345233520899,113.53032932831924
2022-01-17,117.50794526197646,126.08283934070161,114.48476244423908
2022-01-18,118.1515831379486,126.52646274197157,115.31293203785545
2022-01-19,119.00948471096517,128.28724486507798,117.98039457296599
2022-01-20,120.17409714559726,132.28203665889947,118.60916499231355
2022-01-21,120.22375926514887,132.27956319690253,118.5204706740395
2022-01-24,116.81793483845682,131.8833679746383,116.70917207070444
2022-01-25,114.16343492879184,130.13187772227153,114.01194689485908
2022-01-26,114.85074834305173,132.14137291797329,114.96341904717342
2022-01-27,114.04886210455052,128.65490447615787,112.6940491146861
2022-01-28,110.89218756331238,124.96973795738973,110.85743224253693
2022-01-31,110.99065389805001,124.95097906750203,111.24127144824045
2022-02-01,107.50864848309124,119.62869152479388,106.23824691361455
2022-02-02,106.25493403918776,118.52301132760665,104.59646088671587
2022-02-03,105.04431492562334,117.06035358138149,103.49431482391518
2022-02-04,105.08731401376818,116.74122688761712,103.74411546852764
2022-02-07,108.28725951628091,119.62815135479607,106.01695541659105
2022-02-08,110.16172181093415,121.92355669114228,108.1755554610888
2022-02-09,112.03532536939089,122.94923055288045,108.5076317195669
2022-02-10,112.31140357662059,124.00760752603139,109.07618449051868
2022-02-11,111.16098144666992,123.99322795994547,109.0478721845862
2022-02-14,110.75132570053799,125.72699394196833,107.78481734403687
2022-02-15,110.71140262416266,125.94805931404474,107.75964285672816
2022-02-16,110.5736676783102,125.57884686730398,108.36827474735473
2022-02-17,111.83669763048904,128.5388644305008,109.35376685178714
2022-02-18,112.3045467387097,127.42032642695594,108.77449419182057
2022-02-21,115.12252979900626,133.06759639194303,111.97046048209036
2022-02-22,115.68628689607803,134.3270537157595,112.84615050597128
2022-02-23,116.99475777668596,134.41461046784855,113.01034031352381
2022-02-24,119.09425893409131,136.15060854837915,113.48369673150324
2022-02-25,118.67711803892618,135.47405113275855,112.83349198179494
2022-02-28,115.35417576363203,132.47353861934715,111.6135337462048
2022-03-01,114.95344135729349,133.72812736924732,111.95402947843691
2022-03-02,115.91990271801484,136.0183081112061,113.81628085165465
2022-03-03,114.47131395922483,135.16206213606893,113.5369334187447
2022-03-04,113.51602450977406,132.0384968165618,112.18319223349043
2022-03-07,110.77295774870792,131.0979004354312,109.8804810023033
2022-03-08,112.23335807155472,132.7194119884116,110.88109727726369
2022-03-09,113.58679706730801,131.83072346262142,111.15874675992923
2022-03-10,112.89281194413215,131.2833552508828,110.59602079270057
2022-03-11,112.75269766303752,130.62212798973968,111.30664501653472
2022-03-14,110.51967480779068,127.50081314337838,109.22880722469142
2022-03-15,111.72392502837647,129.19854265806111,111.50606200144269
2022-03-16,110.39746414301428,127.36379135692897,110.75220542128177
2022-03-17,110.31803462734267,125.7263315897164,110.27355695901235
2022-03-18,112.01628060202088,127.05178171418218,109.18030164362207
2022-03-21,110.14153810341196,129.3634647290929,107.49114564135786
2022-03-22,110.22058711921916,128.70075109938855,106.24472508666847
2022-03-23,112.11799452149758,129.18255348532426,107.09976837109832
2022-03-24,109.00347694246024,125.38009179661391,104.14392271553281
2022-03-25,107.31892721120097,123.0335781570624,101.39414638541642
2022-03-28,107.92510120602094,123.68086958074163,100.85222711396791
2022-03-29,107.58619670984253,124.29725893462195,101.67599114582642
2022-03-30,107.45477918313213,124.47984196550692,101.58330390949757
2022-03-31,107.84896500582693,124.0717160810914,100.80794687040928
2022-04-01,109.9764650275046,125.21512393465039,102.09817206986199
2022-04-04,111.98888506855162,127.13090892461965,104.37073418929472
2022-04-05,113.9796763938228,129.3185638809162,106.99819662969607
2022-04-06,114.34023116358489,128.76279022661186,105.7435030872085
2022-04-07,113.91336303270494,128.59158469083727,105.01837542891515
2022-04-08,112.93608902163112,125.66124039253796,104.8564053707856
2022-04-11,110.99979398400113,123.52348979646082,103.21574644134405
2022-04-12,110.02238403572765,122.2132498778302,102.2502782952796
2022-04-13,109.17289774557935,121.19928014345966,100.75751943198772
2022-04-14,110.08897547793507,121.48817354015517,101.38033775117907
2022-04-15,110.15160769598691,120.68421696128895,100.77538012083606
2022-04-18,109.79681975966899,119.67431795429229,99.15563212094483
2022-04-19,108.21328651835654,118.27093159557822,96.41041571309823
2022-04-20,109.05484941421237,120.51585654452175,97.78548771862421
2022-04-21,109.05466058254704,120.98912841052847,98.47172479398473
2022-04-22,108.66398523019821,120.16755042517696,98.26657580185474
2022-04-25,106.89833349797865,120.62579297570014,97.19348304142966
2022-04-26,109.80524028172034,124.09058349863966,100.12579417001015
2022-04-27,109.01439205899403,121.65144417295544,98.90282743786392
2022-04-28,110.14452909999683,122.3320215717345,99.34935371517574
2022-04-29,110.89774839409614,121.92294128777836,99.13481556375805
2022-05-02,110.53983270754316,120.55817365441331,97.63148789782059
2022-05-03,109.61087773516984,118.62127681008545,96.45972580383757
2022-05-04,110.37458574025649,120.51025758190075,97.17232570947807
2022-05-05,109.02047514627657,120.13961441960501,96.65993083549284
2022-05-06,110.55120468574616,122.20897703372258,98.36711397841337
2022-05-09,106.14857818844565,118.80933800038318,95.85546552000726
2022-05-10,106.15700800604948,118.32329738151839,95.76165315869584
2022-05-11,105.05982260007643,117.33145726574634,95.92270128635812
2022-05-12,106.46708068868784,117.56982492315795,96.27006226882506
2022-05-13,105.8650982011718,118.19232950799292,96.54993178987324
2022-05-16,104.07956108610838,116.12653465078857,94.6037136192249
2022-05-17,105.92286940875664,118.45216943093422,95.26454647435298
2022-05-18,106.80797063915277,119.35584511188269,97.1428749344632
2022-05-19,102.51052705347288,115.0387619715326,94.21484442157477
2022-05-20,102.02169681344584,114.66421467056182,94.13113253673751
2022-05-23,102.15495296791379,114.65085192634785,93.88112780229642
2022-05-24,102.93466895743053,117.49636431980464,95.95041891968286
2022-05-25,103.0025444604377,118.29819158498232,96.31035713643038
2022-05-26,102.33953266199438,117.1968637085018,94.98811676559092
2022-05-27,101.48282940452178,114.31377435791387,93.75768284749138
2022-05-30,100.57699959553379,111.87984396402575,93.15115386313785
2022-05-31,99.9884957738362,110.53727902069186,92.67800709305976
2022-06-01,102.12659764157965,112.13007140991469,93.45932537006264
2022-06-02,103.52877659309323,112.33457792145796,94.96257165706673
2022-06-03,101.9352804179159,110.68416251606827,92.52775725218832
2022-06-06,102.28390909049176,110.97491134713111,92.89392934090718
2022-06-07,100.6273051586917,109.48287772215149,91.65349549808317
2022-06-08,102.08762928397431,110.66657597832277,92.93100203125874
2022-06-09,102.98416645951534,111.95746633590527,93.8008795500386
2022-06-10,104.27779924668982,111.40037263609305,94.19794407007261
2022-06-13,103.8324851816911,113.22358126305741,94.00173137519154
2022-06-14,103.39739727225205,113.63563690416498,95.00606907295486
2022-06-15,104.26470343365675,113.14665906544433,95.32975763916531
2022-06-16,104.19732814658862,113.16666971701872,95.30249774401096
2022-06-17,101.55446792823042,112.56699832723518,92.07317841223764
2022-06-20,102.03875880571157,113.18305265974166,93.10714979563292
2022-06-21,100.97177064271389,112.44660436264513,93.00804991394483
2022-06-22,99.53790223225819,110.60819828212239,92.20946852081676
2022-06-23,98.7490553381233,110.36219486639725,92.20016367018798
2022-06-24,98.19309340125328,109.82087633560708,92.78945438152583
2022-06-27,100.84651544337095,114.5484567655812,95.28822829076772
2022-06-28,101.66389864872458,115.69969201077028,95.02448573865408
2022-06-29,101.69977711153082,117.00062371726216,97.51598787196323
2022-06-30,99.44259833056333,114.66695494069381,94.99339700302794
2022-07-01,99.9605779299825,117.57733422139506,96.35915821592403
2022-07-04,101.66134187781981,119.66536187332575,96.88203474288369
2022-07-05,102.58707621451771,120.67834252481728,98.1019794576795
2022-07-06,101.17040711276543,120.59878124358035,97.94441303042174
2022-07-07,102.50057986749472,121.49718880624123,99.05834695628054
2022-07-08,103.96983200591458,123.79664119059734,101.12007015225623
2022-07-11,102.66757766887358,122.45966897570845,101.10117803174094
2022-07-12,101.08611519965824,120.82627273859214,100.13267241648134
2022-07-13,100.10338247605435,117.05757428164831,97.042548994626
2022-07-14,102.33025516263608,117.9245915077579,97.82171054091003
2022-07-15,103.62566452018822,120.15929817461566,99.80529779520752
2022-07-18,103.66695665667598,120.94645748308743,99.58853330425922
2022-07-19,103.40852768534879,121.93977216275911,101.72971079605927
2022-07-20,103.66723251224983,121.10187736516036,101.1316464546943
2022-07-21,104.41933432756876,122.67342780248592,99.99400133680028
2022-07-22,106.00270634808034,126.77523516599307,100.63324349399446
2022-07-25,108.28832390902565,127.93801721068942,102.33887377253753
2022-07-26,106.59222101204095,125.33496459401954,101.02010433041795
2022-07-27,107.82055705541931,126.26879406921228,102.69536705786734
2022-07-28,108.7094699934086,126.70473461468691,103.85584595608532
2022-07-29,109.26339782397194,128.74769684481103,103.96080836768895
2022-08-01,109.6198287231766,128.67473723073584,103.45485459866204
2022-08-02,109.70773918858391,128.08914877575504,103.80218544617468
2022-08-03,108.70414981530563,125.0706207339336,101.20582789266199
2022-08-04,105.91840338284604,122.4046129617663,99.46261134866361
2022-08-05,106.23804707144903,123.13617050860002,98.44981601093727
2022-08-08,105.36070606767443,124.11326664979225,99.12453035033178
2022-08-09,102.97122052591749,122.12191446109541,97.25008785685311
2022-08-10,103.33830384385867,123.45548418975112,98.59791952479175
2022-08-11,104.45141149722134,122.61045977142797,98.50813472185361
2022-08-12,103.01623201481745,120.75758756021142,97.61470814131987
2022-08-15,103.61318628460094,121.5521745404207,98.16945608014477
2022-08-16,104.82118115273344,122.29353917268936,99.67597991773599
2022-08-17,104.4118911134352,120.00557949260026,99.72026864704107
2022-08-18,105.30779934905752,120.57813939120334,99.94585406892774
2022-08-19,104.47040156180205,120.4437938111369,100.75146965480796
2022-08-22,103.54307109909846,119.6768213227062,100.89236003019357
2022-08-23,105.0252042191927,124.13244247806404,104.25303918411433
2022-08-24,105.53600536148473,124.31847858943217,103.49196563716296
2022-08-25,106.35928678343656,122.87496934723616,104.09099315000137
2022-08-26,106.06956421460131,123.02620444393465,103.6436723398069
2022-08-29,108.71794691049847,126.06540601876436,107.17887938849115
2022-08-30,110.87810804000688,129.5025148477887,108.82544358454855
2022-08-31,112.96585971629744,131.81470139253892,109.10117893562068
2022-09-01,112.65874298528915,130.38216273095097,108.12240296293747
2022-09-02,115.1170689148745,134.93609193575185,112.50195806742845
2022-09-05,119.31677581359783,140.5776809052853,116.10704655396513
2022-09-06,117.65326527205835,139.48381198475644,115.08156842759145
2022-09-07,118.0079110518718,137.2850393922269,114.211506377269
2022-09-08,116.22208231096522,137.26685323056873,114.28156887098805
2022-09-09,117.0131242748669,139.0591900609083,115.4469739480084
2022-09-12,119.05363287447781,141.4293151313851,118.54699151893477
2022-09-13,117.7890755455109,142.1052615100688,117.94198839217867
2022-09-14,116.08403489205902,142.5027270140404,116.04067259487184
2022-09-15,114.8926750021537,140.58549996274817,114.96012576099541
2022-09-16,112.39201773230792,136.71582596960533,112.53917902980193
2022-09-19,108.94671111065963,132.43067745991465,108.05517204040032
2022-09-20,108.82145194321255,131.60879658096454,107.18713383917773
2022-09-21,111.35601979558007,131.75425191795554,109.02400727561977
2022-09-22,112.91793077203354,132.4619219630842,110.12128710164686
2022-09-23,114.0598333331254,132.97912753127972,109.81755195687893
2022-09-26,114.50414577104273,130.97358103138254,109.6848301847738
2022-09-27,114.91668295761227,132.11701256946222,110.01039645158099
2022-09-28,114.76030519959035,132.53045123557976,110.92069601411265
2022-09-29,117.85609315523968,135.11133581426924,113.40237786218496
2022-09-30,116.22483819948859,134.80068214317268,113.57106703747344
2022-10-03,115.59386827304216,132.53062461122303,110.87810747490134
2022-10-04,115.26682800488213,131.40229044292536,108.78097973963736
2022-10-05,115.33635995155018,131.04747808398366,109.17555618742571
2022-10-06,114.75678739150281,130.10096019535916,109.78979472943476
2022-10-07,111.63051796754104,130.0514075986372,107.68615765219394
2022-10-10,110.89473608251646,131.48718786212962,107.91516091827509
2022-10-11,108.56651351298687,130.00704214226292,106.26339396365725
2022-10-12,108.94427702162304,131.54835775735427,108.40561612020878
2022-10-13,110.5768262444362,132.81899451216796,108.20083534350688
2022-10-14,108.51952360722845,129.3432664655952,105.46500478068894
2022-10-17,106.66133086133789,128.94550018195926,105.24476478902838
2022-10-18,107.16353421596956,129.8106007875751,105.45335068290242
2022-10-19,108.22765402414237,130.27792920571673,106.48638727044957
2022-10-20,107.2288228617269,129.04949592161302,105.85755574622364
2022-10-21,109.51281719835609,128.83141522700285,105.73525532514392
2022-10-24,108.89189836814145,126.16557803218763,103.58146526750214
2022-10-25,106.21649285870738,121.6852992979651,101.08324669092102
2022-10-26,106.16316798330313,121.86561205459931,100.94927054211075
2022-10-27,106.3555150433952,120.36561041821886,100.60264802972176
2022-10-28,107.68877418763856,121.03638268133989,102.40213025331673
2022-10-31,107.34572323010492,119.66930928388244,101.41721269474573
2022-11-01,108.67618472285274,122.17962720061044,101.81619298990931
2022-11-02,108.49563604894837,122.0176869867677,101.27973621617782
2022-11-03,111.40424569375622,127.25658086012564,105.98713764611547
2022-11-04,113.01622819361235,128.6002885913738,106.22059552187311
2022-11-07,110.9150508964755,126.25136575698195,104.34794096309012
2022-11-08,108.76888698706502,121.68527589512858,101.05275778180005
2022-11-09,109.23315594439771,122.69687371345061,102.14493757586223
2022-11-10,108.69334772921184,122.68482357398656,103.07588888848977
2022-11-11,110.07061849796062,121.44506161703592,103.42122413438408
2022-11-14,107.61128936057133,118.19189219993362,101.4997680803149
2022-11-15,107.98030637566562,119.71205930575938,102.72685156323442
2022-11-16,107.16993343293888,118.57144110778006,100.71555780678614
2022-11-17,108.8130443787254,122.12268849185422,101.60684867663257
2022-11-18,109.3000371998824,121.28831273411203,101.52791563458707
2022-11-21,112.3117985880671,125.09495511125894,104.60756681114407
2022-11-22,108.8800492881296,122.78872047083836,101.43222814510389
2022-11-23,106.73010042736647,119.68667082526063,99.45315196481708
2022-11-24,106.52394276069847,119.10335752042084,99.73926929436196
2022-11-25,108.52317305783934,120.26676030905196,100.18876287474407
2022-11-28,108.4210514005535,119.85911297507184,99.45925387670044
2022-11-29,108.50804812852142,120.62284445631349,98.9337827736932
2022-11-30,108.30573998622755,121.78376967913165,99.54621647900323
2022-12-01,110.63865656881113,123.56204259124166,100.54834376651185
2022-12-02,110.63265442835639,124.47936380734414,102.01337261877363
2022-12-05,109.93478410667828,123.95228624358697,101.83543795737026
2022-12-06,112.083396442976,126.80434182418236,105.89238489444621
2022-12-07,111.77914114164291,126.39733413145511,106.03226656443275
2022-12-08,110.09936817475581,126.76828412425363,103.77359117836924
2022-12-09,109.01970044701122,126.49178903267291,104.17389541878337
2022-12-12,108.86039330069339,128.6955351103148,103.86399373367404
2022-12-13,112.50951601818838,133.61726836188015,107.70859031248092
2022-12-14,113.29394043777789,133.2516722006435,109.08505634292584
2022-12-15,112.16278652716953,134.81668385649553,109.60215010549331
2022-12-16,111.26898224738471,133.3406980742222,109.37840543558333
2022-12-19,114.33022702000002,134.35418717849535,110.69668808792457
2022-12-20,112.72000238497057,134.53879125824108,108.99293345869849
2022-12-21,110.26924624703645,131.84443130495706,107.25800607609169
2022-12-22,109.46099869458838,131.0893080653134,107.69293974007293
2022-12-23,109.12208939890927,132.97867644135434,107.52486336787466
2022-12-26,109.16211945782489,132.31609169257646,105.90897268563715
2022-12-27,109.96262157733551,134.110597192029,106.74573734291025
2022-12-28,111.74624722032884,137.24004832898706,108.33524548742362
2022-12-29,111.2242767152575,135.39838473207126,107.1964311467587
2022-12-30,112.14109785048431,136.3010560017951,107.34459090806641
2023-01-02,113.43843737784098,139.25464968743714,108.64265924138135
2023-01-03,114.90713998579629,141.0281749898994,110.8188610828829
2023-01-04,117.25944082188282,144.05330245834543,113.12325416958342
2023-01-05,117.32474708228393,143.98197208251204,111.78372494869313
2023-01-06,118.79889576936382,145.99121727937856,114.34525594653404
2023-01-09,121.81297666443285,149.5667760359296,118.59758174313284
2023-01-10,122.6649683448606,149.74423354233738,118.47079090348589
2023-01-11,122.79203090953324,152.13625061390724,117.1686317795803
2023-01-12,121.01657995325832,151.24435123923482,115.38523202541451
2023-01-13,122.31575772064942,155.19165021858817,117.41347063869149
2023-01-16,123.48653756379213,156.22444462039192,118.90591681072415
2023-01-17,122.58154035722943,154.80833467066563,119.40428218207002
2023-01-18,123.7385350843097,156.5986678180775,121.87971986578488
2023-01-19,121.1625366100812,155.31944402373824,119.56721196946548
2023-01-20,119.44101120488028,152.17550896633435,117.56600461411946
2023-01-23,119.45485300231131,152.82521999326912,118.09564489675259
2023-01-24,119.79615744279033,153.36265438793498,118.57377805187177
2023-01-25,120.0395037038749,153.2106658801175,121.54552635203729
2023-01-26,123.16423423523484,156.85844696600535,124.06216114606255
2023-01-27,122.07637901756694,155.38871984802307,123.6159169785391
2023-01-30,120.07320697372201,152.4892457450994,122.42169430434615
2023-01-31,124.37972308086546,155.823897591447,126.7374422988651
2023-02-01,122.38283755847273,154.96894306759862,124.32490707305448
2023-02-02,122.08010018199442,154.61347977002018,124.29054410920988
2023-02-03,119.12279434657383,153.47994797604522,123.0262543043852
2023-02-06,119.56575434687002,154.22375383057286,122.09653753641878
2023-02-07,117.23946588063052,154.88514378875047,121.56638865084713
2023-02-08,119.48127093541625,157.95018566508313,124.00126541590402
2023-02-09,117.9818553486277,156.01939171620495,121.63603195458717
2023-02-10,119.27991907972174,155.8643356741547,122.91658733765018
2023-02-13,120.31225789876355,157.4856590597751,122.57653180520565
2023-02-14,118.4756205352689,157.8319567669405,122.33698414866171
2023-02-15,120.11819540202848,156.14295215777355,121.59729535655856
2023-02-16,120.91254709579955,154.50694479019816,122.65365175549967
2023-02-17,122.09910853376924,155.7650356493824,123.85832294111954
2023-02-20,121.33215735801377,155.8151471878213,123.3185481047998
2023-02-21,123.64208803236092,158.82432638945198,126.34560148184993
2023-02-22,122.66249567197282,160.23716272651504,127.31828078188505
2023-02-23,121.82615390863852,160.2162120285762,126.49494366767351
2023-02-24,123.67577199074755,164.47158677914214,128.69823400428967
2023-02-27,121.25976671021508,162.17198839372662,126.98969713200829
2023-02-28,122.2845779154078,163.19703429145568,127.8698424577021
2023-03-01,121.30298335034982,162.47245023046762,125.34222165596272
2023-03-02,123.53676087753536,166.4127897531755,126.88246502146177
2023-03-03,121.77677579221711,164.97097786606005,127.74382978135124
2023-03-06,124.9561847534468,169.07152722507445,130.06421602920503
2023-03-07,126.73283941740392,171.06766071438176,129.40784467375047
2023-03-08,127.76222247914733,169.1392704142921,128.83850706762306
2023-03-09,128.09778493190282,167.80484858737864,128.3707216818672
2023-03-10,127.35344086236509,170.7935427801099,129.70477684457356
2023-03-13,126.88026275679813,171.90580997116456,129.9574612061386
2023-03-14,127.24283473533018,173.44942394958932,131.3980282372262
2023-03-15,130.58141305682227,176.2089437524366,132.93153049670076
2023-03-16,132.44595541785148,175.5509796572044,135.0691532412532
2023-03-17,131.93189467640303,176.43783044258302,134.49410653489392
2023-03-20,131.90920790919904,176.31580089808887,134.33228879999433
2023-03-21,132.4435977342779,177.2566912612792,133.40714073870285
2023-03-22,134.47373465810102,178.27442127635103,133.4838903610819
2023-03-23,134.2308894572357,179.4449174734498,133.88387348859962
2023-03-24,135.662110421591,178.82087569829878,135.06996638212357
2023-03-27,138.65328954536278,181.66477105127595,137.0141439649949
2023-03-28,140.0876097650167,183.0046256441773,137.79009417758513
2023-03-29,138.3577506001833,181.9304334596919,135.68314832930318
2023-03-30,138.63811543600033,183.5445937686205,137.67062396817556
2023-03-31,137.8048252374874,179.50204744120703,138.26201792417484
2023-04-03,140.12749105321353,182.42999142344308,139.39000386076646
2023-04-04,141.5156637874489,185.39865789917306,140.086720817869
2023-04-05,143.80482735541537,188.69846065553543,141.2260337010202
2023-04-06,140.51623771993803,186.24118745719667,141.64487514639814
2023-04-07,141.93965503875745,187.91720003290467,141.5985309166102
2023-04-10,139.70785503405872,182.67212242415664,138.68794342116792
2023-04-11,142.68073782313374,186.25645468739998,140.46764899935542
2023-04-12,140.7265570509597,182.00810088211273,137.8704400658715
2023-04-13,143.97230775846614,188.5022423756156,142.96572976673755
2023-04-14,143.38656572245193,185.30228009879067,139.59166971744338
2023-04-17,144.35073961813123,184.43990663691042,137.9342872916609
2023-04-18,144.72886459437572,184.38315538252826,137.78531893667417
2023-04-19,147.9616138875972,189.3733075708379,141.05373894470583
2023-04-20,148.0593946362115,190.53225499759674,141.00888908931455
2023-04-21,148.6285169142841,190.3915164516862,140.92579543936662
2023-04-24,150.36435965960698,192.28279216379386,140.34620202768417
2023-04-25,149.51722639486735,191.12066757568752,139.50562083390912
2023-04-26,147.31940435375222,191.61662721853546,136.21081447960802
2023-04-27,146.7861643676687,190.90489652773059,135.85905097046208
2023-04-28,147.69926728162096,191.00267171779112,137.44898516563177
2023-05-01,147.6471621423101,191.10818604476418,135.0857045387013
2023-05-02,146.89811186662038,187.7834457874048,134.24424383357075
2023-05-03,148.6008407629108,188.92465860913035,136.5340932301197
2023-05-04,145.33842745858252,186.11320919902295,133.50530862329924
2023-05-05,144.60594122001112,184.8230740444636,131.4353627018652
2023-05-08,144.2863391539888,183.29478794713546,130.8271034660462
2023-05-09,143.100508578892,182.37546167356214,131.4567668006812
2023-05-10,144.28556768349983,185.1023620308719,133.07058706344864
2023-05-11,142.3296871615098,185.04383085951432,130.54739706549134
2023-05-12,146.4502177795574,190.54252509806656,133.4550592011618
2023-05-15,147.94057237359172,191.20507872850848,133.78019347928648
2023-05-16,147.04161555569678,190.64156644814375,133.8403756298455
2023-05-17,145.8173851789901,190.25721244278552,132.85520262599354
2023-05-18,144.9258908075105,188.02579810119875,130.104103298898
2023-05-19,142.43118378721104,186.83748012924463,129.86641298108893
2023-05-22,140.84260568511917,184.07066098061657,128.2325484861414
2023-05-23,141.8667888443273,184.14968345305542,128.42109558695984
2023-05-24,142.35013680213936,183.078394256983,127.72411841633733
2023-05-25,143.08777461803191,186.20264521703166,128.04346542334216
2023-05-26,146.02854307798177,189.14865691109839,132.56242561054663
2023-05-29,142.1106219253874,186.91926405777787,130.45083092344748
2023-05-30,139.36485191026705,183.922213783782,128.03568760099466
2023-05-31,143.48751300453876,189.06440740301682,130.88620659727786
2023-06-01,141.8497773802756,189.85347941503133,130.83522960969398
2023-06-02,140.09379826424737,188.67048278041344,128.26041729450358
2023-06-05,143.90574897291071,194.6074626124175,131.67390591392382
2023-06-06,147.19977596382512,198.37389556601778,134.21368093528113
2023-06-07,148.2694945874035,201.22798916254294,136.93525502442327
2023-06-08,146.85266551188528,199.52603920591216,136.2834050923193
2023-06-09,148.92358807552014,202.4887232976309,138.58138656321933
2023-06-12,150.49303241217547,203.72117787174395,138.9644983268061
2023-06-13,151.3706630702325,203.34226843855538,136.00879019042424
2023-06-14,147.31689405076642,203.69737820466364,133.24966167387555
2023-06-15,145.9723048048494,202.1164521629512,130.43214900762288
2023-06-16,149.5870396604201,204.97210123375825,131.16094483063574
2023-06-19,148.10005500242568,202.69970813424308,128.40557048926755
2023-06-20,148.0485396838464,204.89085522631018,129.9726769376987
2023-06-21,145.73240428809135,204.97901673578366,128.34891891371663
2023-06-22,148.85546050108874,206.67881168524536,129.06174368703336
2023-06-23,146.53222043727814,203.09398538715206,125.5619548378395
2023-06-26,147.77989485737183,206.42208411655574,125.8663654776124
2023-06-27,147.75855933250338,208.6367088330373,124.25135234766115
2023-06-28,147.5169881049592,212.03313734130566,124.32923271160723
2023-06-29,147.63443068115154,214.46263642159434,127.1563903688743
2023-06-30,148.5630586521394,215.04354208525447,125.94095257794709
2023-07-03,150.4155500578882,217.24417848301005,126.43094029895853
2023-07-04,148.06761948385784,216.21401236274488,124.66130713594985
2023-07-05,149.5753505866574,218.0803958520366,125.27725119515625
2023-07-06,150.27250564790185,219.56168753167535,125.27597326112996
2023-07-07,149.64540441625869,218.01852933764908,124.44348117011319
2023-07-10,151.16213137809686,218.53471654964474,125.09465477544566
2023-07-11,151.0438915010306,218.40585895898892,126.75973387136143
2023-07-12,155.03840348931857,222.47429626948824,127.89711915170263
2023-07-13,155.6294503576436,219.86690414125815,127.9710484438678
2023-07-14,154.90731328267387,220.03496950436818,127.693288222273
2023-07-17,154.96266900723475,221.844604968534,127.92028002478082
2023-07-18,154.4361888119305,222.63376485139096,127.03027369779534
2023-07-19,157.07379881174467,225.8884201355945,129.81021756435948
2023-07-20,157.37117555401701,224.11418290690807,129.55330478315844
2023-07-21,156.94274001008927,222.73568162755532,128.85657052809293
2023-07-24,159.93685628027464,222.0771599860375,129.64882750734103
2023-07-25,161.48786849353206,223.4196863755826,131.05095565415036
2023-07-26,165.25060850903674,226.34165839475324,133.60297559374493
2023-07-27,168.17954843757775,227.9413356370714,136.17524534207166
2023-07-28,171.9551869385269,229.30749859942833,139.1483914860064
2023-07-31,173.27617141901598,227.45992504618832,139.4209000410576
2023-08-01,172.50847181813558,228.02096821404848,139.88448950318372
2023-08-02,171.99181267303558,227.0989411998635,138.45243151707896
2023-08-03,172.4167500199647,227.6069071553091,137.28674515871322
2023-08-04,177.4703013103865,232.89661690491891,138.24341822744626
2023-08-07,175.94594169475914,232.1274046514553,138.79871375719176
2023-08-08,177.83444913155526,233.1228495985815,139.51848783221155
2023-08-09,178.53077559458114,232.23385733737655,139.05266489914047
2023-08-10,175.41923594141892,230.28771421590625,137.36851410851622
2023-08-11,173.044637725746,225.75251421749942,137.09346988754908
2023-08-14,174.05647561850935,230.21835717260052,137.74820569217542
2023-08-15,173.07980397444786,227.67289541121443,136.6604573696008
2023-08-16,176.8210204103626,230.8770554639758,137.95827827993966
2023-08-17,176.6537671434539,224.01373194713065,136.2874998355919
2023-08-18,176.0174619825969,223.9451944694094,133.95617364641114
2023-08-21,177.198358695458,227.82879896630445,134.00740054397312
2023-08-22,173.61315409656325,222.32694309778523,131.22754997010807
2023-08-23,173.64041067592052,222.9237789071855,132.45793664762238
2023-08-24,174.3089420719333,222.5778917549317,132.44655674805756
2023-08-25,174.94495791967597,226.33393292928443,131.64910403623495
2023-08-28,176.29316479239833,227.82196302990516,131.27384301913824
2023-08-29,177.6398670874562,229.1483320343386,129.91156729274977
2023-08-30,179.80563864995526,231.2326815255222,131.8506099433749
2023-08-31,181.9437213158553,233.98024463969898,134.67758010298206
2023-09-01,180.46301340507958,232.0695287760398,132.97276195939855
2023-09-04,182.1946585996474,233.3552199818795,134.30711503892104
2023-09-05,180.51522891310063,230.88029177873247,133.77474309710317
2023-09-06,180.55901091766302,229.2330775584204,134.28961131103802
2023-09-07,179.90436060655787,232.91243343856124,136.76388977890156
2023-09-08,178.28796956682194,234.6315798865986,135.70937383883023
2023-09-11,176.7129556303903,232.97413322502712,133.95862462431245
2023-09-12,173.32598742570897,230.50725315113704,130.8684851524822
2023-09-13,172.99042016727702,229.18769687266,130.88624840602975
2023-09-14,171.0423046376915,226.04036585787463,129.6541896904736
2023-09-15,171.6181074283585,226.71816502458535,130.2171609300935
2023-09-18,171.5670719150731,224.94111125508493,130.29154838946351
2023-09-19,170.80532120481422,225.7453396664848,130.24058378471938
2023-09-20,169.90192747112016,224.41054946857088,131.83074742158138
2023-09-21,170.81222960655106,224.90361664503294,133.5633815926392
2023-09-22,172.8159616438027,222.2374626012752,133.30519913853988
2023-09-25,171.69832651002662,222.4463846087087,132.46238082978917
2023-09-26,171.76443233555707,220.65438012161653,132.32021304248897
2023-09-27,169.3044400105435,217.41439582071104,129.8874792963974
2023-09-28,164.57649438758153,209.93035710095862,124.81025972247136
2023-09-29,164.76485669757176,212.38811694768677,126.57413085138079
2023-10-02,165.67020657491042,213.33746031638518,127.19590130097653
2023-10-03,164.11848818804827,212.85082571312293,125.22391521511791
2023-10-04,164.0269802887723,211.45867328505824,125.12536337044442
2023-10-05,166.61651017534857,213.4036594052388,126.08733021006712
2023-10-06,166.26987049394268,215.22348916772054,127.81182379113088
2023-10-09,164.89158155278528,212.19265008043618,127.60960828125525
2023-10-10,158.4480465059493,206.7978311119297,122.30734356127482
2023-10-11,159.54322316513768,209.96860353304615,122.62476117373554
2023-10-12,159.04817315552816,211.95532859781477,123.29505935785899
2023-10-13,159.1121867037769,211.07604211295356,123.59102950517176
2023-10-16,156.67342917369683,208.76008807063542,123.94863785667157
2023-10-17,155.33404129892727,210.67157709618724,122.8376209090823
2023-10-18,158.7542150506766,215.57446539332688,125.71579233582857
2023-10-19,161.00017626311543,214.44486688244012,127.0264826680084
2023-10-20,159.39912993934396,214.02089825467723,125.11074871909922
2023-10-23,160.4228039246632,214.77680461124763,123.89220566242885
2023-10-24,160.9318013500974,215.42783665581854,124.08706650939992
2023-10-25,162.22540384934564,218.45173953731756,125.3430401296465
2023-10-26,162.0241001275757,216.98690611813828,125.95808868169054
2023-10-27,162.06090784613642,218.12807852925312,126.7505002195777
2023-10-30,160.1734529407128,216.50087711822064,126.22735648170278
2023-10-31,158.45241014856123,211.47741258447178,125.82529546429313
2023-11-01,160.1681897650699,213.89257140199553,127.34742026081743
2023-11-02,160.6279257060207,215.71901613432982,126.53081073915816
2023-11-03,159.84374571660473,216.29972695595106,126.41286725365757
2023-11-06,160.44591346899114,219.67614692469363,127.89707083185202
2023-11-07,159.56305930072116,217.4574150658537,129.15547541877982
2023-11-08,159.97899498846846,216.7789574068399,128.0161837224737
2023-11-09,164.2627619155419,219.22464947998944,129.7711716326794
2023-11-10,166.40784140126632,222.35544854425208,131.5843433515571
2023-11-13,167.38825477733587,224.67547811870267,134.06391781609574
2023-11-14,167.433984965783,228.151752421083,136.13933857417302
2023-11-15,166.79229594502277,228.36743300357156,134.1251869562378
2023-11-16,167.69272561617782,230.02377538922914,136.332317679869
2023-11-17,169.4275202249172,232.89244663209678,138.76924243573822
2023-11-20,175.9526502613864,239.70570648097095,142.54106199377046
2023-11-21,174.9135486413362,237.78291478989942,142.75245998193404
2023-11-22,172.20485668659296,239.46964172779545,140.99293114833534
2023-11-23,171.54216923372633,239.04272102473638,141.09887418664943
2023-11-24,170.57286170706928,236.0603668842763,139.51923241693183
